{
 "chain_iptm": [
  0.04,
  0.04,
  0.04,
  0.04,
  0.04,
  0.04,
  0.04,
  0.04,
  0.04,
  0.04
 ],
 "chain_pair_iptm": [
  [
   0.1,
   0.04,
   0.04,
   0.04,
   0.03,
   0.03,
   0.04,
   0.04,
   0.03,
   0.03
  ],
  [
   0.04,
   0.09,
   0.03,
   0.04,
   0.03,
   0.03,
   0.04,
   0.03,
   0.04,
   0.04
  ],
  [
   0.04,
   0.03,
   0.1,
   0.03,
   0.04,
   0.04,
   0.03,
   0.04,
   0.04,
   0.04
  ],
  [
   0.04,
   0.04,
   0.03,
   0.1,
   0.03,
   0.03,
   0.04,
   0.03,
   0.04,
   0.04
  ],
  [
   0.03,
   0.03,
   0.04,
   0.03,
   0.1,
   0.04,
   0.03,
   0.03,
   0.04,
   0.03
  ],
  [
   0.03,
   0.03,
   0.04,
   0.03,
   0.04,
   0.1,
   0.04,
   0.04,
   0.03,
   0.03
  ],
  [
   0.04,
   0.04,
   0.03,
   0.04,
   0.03,
   0.04,
   0.1,
   0.04,
   0.04,
   0.03
  ],
  [
   0.04,
   0.03,
   0.04,
   0.03,
   0.03,
   0.04,
   0.04,
   0.1,
   0.03,
   0.03
  ],
  [
   0.03,
   0.04,
   0.04,
   0.04,
   0.04,
   0.03,
   0.04,
   0.03,
   0.1,
   0.05
  ],
  [
   0.03,
   0.04,
   0.04,
   0.04,
   0.03,
   0.03,
   0.03,
   0.03,
   0.05,
   0.09
  ]
 ],
 "chain_pair_pae_min": [
  [
   0.91,
   25.64,
   25.98,
   26.59,
   29.42,
   29.43,
   26.04,
   28.61,
   29.58,
   29.76
  ],
  [
   25.72,
   0.91,
   29.37,
   25.85,
   29.45,
   29.4,
   27.06,
   29.37,
   29.53,
   29.5
  ],
  [
   25.68,
   28.79,
   0.91,
   29.63,
   25.51,
   27.17,
   29.34,
   28.58,
   29.26,
   29.13
  ],
  [
   26.77,
   25.48,
   29.3,
   0.9,
   29.39,
   29.47,
   27.38,
   29.41,
   29.3,
   28.6
  ],
  [
   29.43,
   29.35,
   25.61,
   29.24,
   0.91,
   26.46,
   29.24,
   29.05,
   27.54,
   29.49
  ],
  [
   29.4,
   29.48,
   26.99,
   29.58,
   27.52,
   0.91,
   28.88,
   26.26,
   29.33,
   29.5
  ],
  [
   26.75,
   27.57,
   29.63,
   27.47,
   29.42,
   29.1,
   0.91,
   25.96,
   28.22,
   28.78
  ],
  [
   28.87,
   29.53,
   28.46,
   29.81,
   29.25,
   26.9,
   25.98,
   0.91,
   29.44,
   29.95
  ],
  [
   29.55,
   29.44,
   29.31,
   29.48,
   27.63,
   29.5,
   28.44,
   29.56,
   0.92,
   23.82
  ],
  [
   29.57,
   29.5,
   29.38,
   28.37,
   29.5,
   29.91,
   28.37,
   29.99,
   23.78,
   0.91
  ]
 ],
 "chain_ptm": [
  0.1,
  0.09,
  0.1,
  0.1,
  0.1,
  0.1,
  0.1,
  0.1,
  0.1,
  0.09
 ],
 "fraction_disordered": 0.0,
 "has_clash": 0.0,
 "iptm": 0.12,
 "num_recycles": 10.0,
 "ptm": 0.13,
 "ranking_score": 0.12
}