{
 "chain_iptm": [
  0.04,
  0.04,
  0.04,
  0.04,
  0.04,
  0.04,
  0.04,
  0.04,
  0.04,
  0.04
 ],
 "chain_pair_iptm": [
  [
   0.09,
   0.04,
   0.04,
   0.04,
   0.03,
   0.04,
   0.04,
   0.04,
   0.03,
   0.04
  ],
  [
   0.04,
   0.09,
   0.04,
   0.04,
   0.04,
   0.04,
   0.03,
   0.04,
   0.03,
   0.04
  ],
  [
   0.04,
   0.04,
   0.1,
   0.04,
   0.04,
   0.04,
   0.03,
   0.03,
   0.04,
   0.03
  ],
  [
   0.04,
   0.04,
   0.04,
   0.1,
   0.04,
   0.03,
   0.04,
   0.04,
   0.03,
   0.04
  ],
  [
   0.03,
   0.04,
   0.04,
   0.04,
   0.1,
   0.04,
   0.04,
   0.04,
   0.03,
   0.03
  ],
  [
   0.04,
   0.04,
   0.04,
   0.03,
   0.04,
   0.1,
   0.04,
   0.03,
   0.04,
   0.03
  ],
  [
   0.04,
   0.03,
   0.03,
   0.04,
   0.04,
   0.04,
   0.1,
   0.04,
   0.04,
   0.03
  ],
  [
   0.04,
   0.04,
   0.03,
   0.04,
   0.04,
   0.03,
   0.04,
   0.1,
   0.04,
   0.04
  ],
  [
   0.03,
   0.03,
   0.04,
   0.03,
   0.03,
   0.04,
   0.04,
   0.04,
   0.1,
   0.03
  ],
  [
   0.04,
   0.04,
   0.03,
   0.04,
   0.03,
   0.03,
   0.03,
   0.04,
   0.03,
   0.1
  ]
 ],
 "chain_pair_pae_min": [
  [
   0.91,
   25.03,
   28.36,
   26.57,
   29.15,
   27.27,
   28.85,
   29.34,
   29.41,
   28.77
  ],
  [
   25.15,
   0.92,
   26.49,
   26.79,
   27.31,
   28.34,
   29.38,
   29.16,
   29.36,
   27.64
  ],
  [
   28.3,
   26.31,
   0.91,
   29.37,
   28.77,
   29.43,
   29.66,
   30.02,
   28.45,
   29.67
  ],
  [
   26.89,
   26.82,
   29.43,
   0.91,
   24.77,
   29.46,
   28.81,
   28.44,
   29.33,
   27.75
  ],
  [
   29.32,
   27.83,
   28.76,
   24.03,
   0.9,
   26.88,
   28.32,
   28.85,
   29.94,
   29.53
  ],
  [
   26.58,
   28.39,
   29.39,
   29.52,
   26.97,
   0.91,
   28.08,
   29.84,
   26.74,
   29.97
  ],
  [
   29.0,
   29.52,
   29.82,
   29.08,
   28.21,
   28.09,
   0.91,
   28.02,
   27.24,
   29.76
  ],
  [
   29.44,
   29.33,
   30.2,
   27.99,
   28.74,
   29.85,
   28.06,
   0.92,
   28.82,
   28.72
  ],
  [
   29.4,
   29.24,
   28.1,
   28.78,
   29.81,
   27.11,
   27.32,
   28.82,
   0.91,
   28.86
  ],
  [
   29.08,
   28.67,
   29.91,
   27.77,
   29.64,
   30.15,
   29.68,
   28.49,
   29.26,
   0.91
  ]
 ],
 "chain_ptm": [
  0.09,
  0.09,
  0.1,
  0.1,
  0.1,
  0.1,
  0.1,
  0.1,
  0.1,
  0.1
 ],
 "fraction_disordered": 0.0,
 "has_clash": 1.0,
 "iptm": 0.12,
 "num_recycles": 10.0,
 "ptm": 0.13,
 "ranking_score": -99.88
}