{
 "chain_iptm": [
  0.04,
  0.04,
  0.04,
  0.03,
  0.04,
  0.04,
  0.04,
  0.03,
  0.03,
  0.03
 ],
 "chain_pair_iptm": [
  [
   0.09,
   0.05,
   0.04,
   0.03,
   0.03,
   0.04,
   0.03,
   0.03,
   0.03,
   0.03
  ],
  [
   0.05,
   0.09,
   0.04,
   0.03,
   0.04,
   0.04,
   0.03,
   0.03,
   0.03,
   0.03
  ],
  [
   0.04,
   0.04,
   0.09,
   0.04,
   0.03,
   0.03,
   0.03,
   0.03,
   0.03,
   0.04
  ],
  [
   0.03,
   0.03,
   0.04,
   0.09,
   0.03,
   0.03,
   0.03,
   0.04,
   0.04,
   0.04
  ],
  [
   0.03,
   0.04,
   0.03,
   0.03,
   0.09,
   0.04,
   0.04,
   0.04,
   0.04,
   0.03
  ],
  [
   0.04,
   0.04,
   0.03,
   0.03,
   0.04,
   0.09,
   0.04,
   0.03,
   0.03,
   0.03
  ],
  [
   0.03,
   0.03,
   0.03,
   0.03,
   0.04,
   0.04,
   0.09,
   0.04,
   0.04,
   0.03
  ],
  [
   0.03,
   0.03,
   0.03,
   0.04,
   0.04,
   0.03,
   0.04,
   0.09,
   0.04,
   0.03
  ],
  [
   0.03,
   0.03,
   0.03,
   0.04,
   0.04,
   0.03,
   0.04,
   0.04,
   0.09,
   0.03
  ],
  [
   0.03,
   0.03,
   0.04,
   0.04,
   0.03,
   0.03,
   0.03,
   0.03,
   0.03,
   0.1
  ]
 ],
 "chain_pair_pae_min": [
  [
   0.9,
   22.76,
   26.67,
   29.01,
   28.92,
   28.44,
   29.36,
   29.65,
   29.62,
   29.14
  ],
  [
   22.7,
   0.9,
   25.02,
   29.16,
   28.8,
   28.32,
   29.2,
   29.63,
   29.76,
   29.19
  ],
  [
   26.79,
   25.0,
   0.91,
   28.49,
   29.11,
   29.02,
   29.39,
   29.51,
   29.53,
   28.54
  ],
  [
   29.0,
   29.11,
   28.67,
   0.9,
   28.93,
   29.1,
   28.89,
   28.92,
   29.11,
   27.3
  ],
  [
   28.94,
   28.71,
   28.88,
   29.16,
   0.91,
   26.78,
   27.07,
   27.49,
   28.97,
   29.64
  ],
  [
   28.27,
   28.53,
   29.14,
   29.34,
   26.82,
   0.9,
   28.25,
   29.43,
   29.53,
   29.61
  ],
  [
   29.59,
   29.55,
   29.67,
   29.2,
   27.68,
   27.97,
   0.91,
   27.02,
   28.34,
   29.79
  ],
  [
   29.81,
   29.77,
   29.85,
   29.08,
   28.11,
   29.36,
   26.98,
   0.91,
   26.42,
   29.84
  ],
  [
   29.89,
   29.87,
   29.91,
   29.13,
   28.68,
   29.55,
   28.42,
   26.38,
   0.91,
   29.67
  ],
  [
   29.25,
   29.48,
   28.82,
   28.5,
   29.69,
   29.9,
   29.89,
   29.74,
   29.61,
   0.91
  ]
 ],
 "chain_ptm": [
  0.09,
  0.09,
  0.09,
  0.09,
  0.09,
  0.09,
  0.09,
  0.09,
  0.09,
  0.1
 ],
 "fraction_disordered": 0.0,
 "has_clash": 0.0,
 "iptm": 0.12,
 "num_recycles": 10.0,
 "ptm": 0.13,
 "ranking_score": 0.12
}