{
 "chain_iptm": [
  0.04,
  0.04,
  0.04,
  0.04,
  0.04,
  0.04,
  0.04,
  0.04,
  0.04,
  0.03
 ],
 "chain_pair_iptm": [
  [
   0.1,
   0.04,
   0.04,
   0.04,
   0.04,
   0.04,
   0.03,
   0.03,
   0.03,
   0.03
  ],
  [
   0.04,
   0.1,
   0.04,
   0.03,
   0.04,
   0.03,
   0.04,
   0.03,
   0.04,
   0.04
  ],
  [
   0.04,
   0.04,
   0.1,
   0.03,
   0.04,
   0.04,
   0.04,
   0.03,
   0.03,
   0.03
  ],
  [
   0.04,
   0.03,
   0.03,
   0.1,
   0.03,
   0.03,
   0.04,
   0.04,
   0.04,
   0.03
  ],
  [
   0.04,
   0.04,
   0.04,
   0.03,
   0.1,
   0.04,
   0.04,
   0.04,
   0.03,
   0.03
  ],
  [
   0.04,
   0.03,
   0.04,
   0.03,
   0.04,
   0.1,
   0.03,
   0.04,
   0.04,
   0.04
  ],
  [
   0.03,
   0.04,
   0.04,
   0.04,
   0.04,
   0.03,
   0.1,
   0.04,
   0.04,
   0.03
  ],
  [
   0.03,
   0.03,
   0.03,
   0.04,
   0.04,
   0.04,
   0.04,
   0.1,
   0.04,
   0.03
  ],
  [
   0.03,
   0.04,
   0.03,
   0.04,
   0.03,
   0.04,
   0.04,
   0.04,
   0.1,
   0.04
  ],
  [
   0.03,
   0.04,
   0.03,
   0.03,
   0.03,
   0.04,
   0.03,
   0.03,
   0.04,
   0.1
  ]
 ],
 "chain_pair_pae_min": [
  [
   0.91,
   24.26,
   28.1,
   26.22,
   29.39,
   29.22,
   29.68,
   29.87,
   29.27,
   28.51
  ],
  [
   24.83,
   0.92,
   27.51,
   28.02,
   27.02,
   29.57,
   28.35,
   28.71,
   28.84,
   29.3
  ],
  [
   27.47,
   27.65,
   0.9,
   29.85,
   28.72,
   28.4,
   26.66,
   28.48,
   28.75,
   30.03
  ],
  [
   25.9,
   28.48,
   29.79,
   0.9,
   28.79,
   29.73,
   27.02,
   29.04,
   28.84,
   29.36
  ],
  [
   29.22,
   27.65,
   28.58,
   28.81,
   0.91,
   24.99,
   28.6,
   28.26,
   29.53,
   30.08
  ],
  [
   29.13,
   29.64,
   28.4,
   29.92,
   25.08,
   0.91,
   29.69,
   28.36,
   28.03,
   29.46
  ],
  [
   29.9,
   28.4,
   26.99,
   27.38,
   28.42,
   29.55,
   0.91,
   27.34,
   29.37,
   29.82
  ],
  [
   29.92,
   29.19,
   29.07,
   29.22,
   28.24,
   28.63,
   27.73,
   0.91,
   25.81,
   30.0
  ],
  [
   29.23,
   29.09,
   28.46,
   28.75,
   29.1,
   28.23,
   29.37,
   26.37,
   0.92,
   28.11
  ],
  [
   28.89,
   29.31,
   29.84,
   29.51,
   29.79,
   29.27,
   29.76,
   29.93,
   27.81,
   0.91
  ]
 ],
 "chain_ptm": [
  0.1,
  0.1,
  0.1,
  0.1,
  0.1,
  0.1,
  0.1,
  0.1,
  0.1,
  0.1
 ],
 "fraction_disordered": 0.0,
 "has_clash": 0.0,
 "iptm": 0.12,
 "num_recycles": 10.0,
 "ptm": 0.13,
 "ranking_score": 0.12
}