{
 "chain_iptm": [
  0.03,
  0.03,
  0.03,
  0.03,
  0.03,
  0.03,
  0.03,
  0.03,
  0.03,
  0.03
 ],
 "chain_pair_iptm": [
  [
   0.09,
   0.03,
   0.03,
   0.03,
   0.04,
   0.03,
   0.03,
   0.03,
   0.03,
   0.03
  ],
  [
   0.03,
   0.09,
   0.04,
   0.03,
   0.03,
   0.03,
   0.03,
   0.03,
   0.03,
   0.03
  ],
  [
   0.03,
   0.04,
   0.09,
   0.04,
   0.03,
   0.03,
   0.03,
   0.03,
   0.03,
   0.03
  ],
  [
   0.03,
   0.03,
   0.04,
   0.1,
   0.03,
   0.03,
   0.03,
   0.03,
   0.03,
   0.03
  ],
  [
   0.04,
   0.03,
   0.03,
   0.03,
   0.1,
   0.04,
   0.03,
   0.03,
   0.03,
   0.03
  ],
  [
   0.03,
   0.03,
   0.03,
   0.03,
   0.04,
   0.1,
   0.03,
   0.03,
   0.03,
   0.03
  ],
  [
   0.03,
   0.03,
   0.03,
   0.03,
   0.03,
   0.03,
   0.1,
   0.04,
   0.03,
   0.03
  ],
  [
   0.03,
   0.03,
   0.03,
   0.03,
   0.03,
   0.03,
   0.04,
   0.1,
   0.03,
   0.03
  ],
  [
   0.03,
   0.03,
   0.03,
   0.03,
   0.03,
   0.03,
   0.03,
   0.03,
   0.09,
   0.03
  ],
  [
   0.03,
   0.03,
   0.03,
   0.03,
   0.03,
   0.03,
   0.03,
   0.03,
   0.03,
   0.09
  ]
 ],
 "chain_pair_pae_min": [
  [
   0.91,
   30.04,
   29.68,
   29.98,
   27.65,
   30.77,
   30.48,
   29.54,
   29.52,
   30.04
  ],
  [
   30.11,
   0.91,
   27.58,
   30.19,
   30.72,
   30.59,
   30.43,
   30.07,
   30.32,
   30.58
  ],
  [
   29.71,
   27.59,
   0.91,
   28.68,
   30.5,
   30.46,
   30.38,
   29.96,
   30.42,
   30.78
  ],
  [
   30.09,
   29.95,
   28.87,
   0.9,
   30.22,
   30.54,
   30.2,
   30.72,
   30.28,
   30.86
  ],
  [
   27.51,
   30.73,
   30.5,
   30.19,
   0.91,
   29.18,
   29.88,
   30.73,
   30.7,
   30.2
  ],
  [
   30.65,
   30.62,
   30.37,
   30.42,
   29.47,
   0.91,
   29.77,
   30.07,
   29.92,
   29.88
  ],
  [
   30.62,
   30.49,
   30.23,
   30.44,
   29.62,
   29.91,
   0.91,
   28.01,
   29.57,
   30.61
  ],
  [
   29.63,
   30.27,
   29.89,
   30.89,
   30.83,
   30.2,
   27.94,
   0.91,
   28.17,
   29.04
  ],
  [
   29.48,
   30.23,
   30.13,
   30.17,
   30.6,
   30.09,
   29.53,
   28.52,
   0.92,
   29.77
  ],
  [
   30.07,
   30.56,
   30.71,
   30.94,
   30.34,
   29.99,
   30.68,
   29.27,
   30.05,
   0.91
  ]
 ],
 "chain_ptm": [
  0.09,
  0.09,
  0.09,
  0.1,
  0.1,
  0.1,
  0.1,
  0.1,
  0.09,
  0.09
 ],
 "fraction_disordered": 0.0,
 "has_clash": 0.0,
 "iptm": 0.11,
 "num_recycles": 10.0,
 "ptm": 0.13,
 "ranking_score": 0.12
}