{
 "chain_iptm": [
  0.15,
  0.15,
  0.14,
  0.13,
  0.14,
  0.13,
  0.09,
  0.09,
  0.09,
  0.09,
  0.06,
  0.06
 ],
 "chain_pair_iptm": [
  [
   0.89,
   0.53,
   0.49,
   0.08,
   0.07,
   0.07,
   0.07,
   0.07,
   0.07,
   0.06,
   0.05,
   0.05
  ],
  [
   0.53,
   0.89,
   0.5,
   0.07,
   0.07,
   0.07,
   0.06,
   0.07,
   0.07,
   0.07,
   0.05,
   0.05
  ],
  [
   0.49,
   0.5,
   0.89,
   0.07,
   0.08,
   0.07,
   0.06,
   0.07,
   0.07,
   0.06,
   0.05,
   0.05
  ],
  [
   0.08,
   0.07,
   0.07,
   0.89,
   0.46,
   0.41,
   0.07,
   0.07,
   0.07,
   0.06,
   0.05,
   0.05
  ],
  [
   0.07,
   0.07,
   0.08,
   0.46,
   0.89,
   0.45,
   0.07,
   0.07,
   0.06,
   0.06,
   0.05,
   0.05
  ],
  [
   0.07,
   0.07,
   0.07,
   0.41,
   0.45,
   0.89,
   0.08,
   0.07,
   0.06,
   0.07,
   0.05,
   0.05
  ],
  [
   0.07,
   0.06,
   0.06,
   0.07,
   0.07,
   0.08,
   0.89,
   0.24,
   0.08,
   0.17,
   0.05,
   0.05
  ],
  [
   0.07,
   0.07,
   0.07,
   0.07,
   0.07,
   0.07,
   0.24,
   0.89,
   0.21,
   0.07,
   0.05,
   0.05
  ],
  [
   0.07,
   0.07,
   0.07,
   0.07,
   0.06,
   0.06,
   0.08,
   0.21,
   0.89,
   0.21,
   0.05,
   0.05
  ],
  [
   0.06,
   0.07,
   0.06,
   0.06,
   0.06,
   0.07,
   0.17,
   0.07,
   0.21,
   0.89,
   0.05,
   0.05
  ],
  [
   0.05,
   0.05,
   0.05,
   0.05,
   0.05,
   0.05,
   0.05,
   0.05,
   0.05,
   0.05,
   0.12,
   0.16
  ],
  [
   0.05,
   0.05,
   0.05,
   0.05,
   0.05,
   0.05,
   0.05,
   0.05,
   0.05,
   0.05,
   0.16,
   0.12
  ]
 ],
 "chain_pair_pae_min": [
  [
   0.76,
   8.33,
   9.66,
   28.0,
   29.32,
   29.53,
   30.65,
   29.93,
   29.99,
   30.67,
   30.12,
   30.09
  ],
  [
   8.33,
   0.76,
   8.52,
   29.25,
   29.68,
   30.06,
   30.34,
   29.52,
   29.68,
   30.27,
   29.67,
   29.73
  ],
  [
   9.28,
   9.35,
   0.76,
   28.07,
   28.64,
   29.61,
   30.67,
   29.68,
   30.1,
   30.7,
   29.9,
   29.93
  ],
  [
   28.34,
   29.42,
   27.95,
   0.76,
   10.3,
   11.8,
   29.51,
   29.12,
   30.65,
   30.56,
   30.63,
   30.64
  ],
  [
   29.18,
   29.45,
   28.1,
   10.25,
   0.76,
   10.09,
   29.32,
   28.9,
   30.52,
   30.55,
   30.46,
   30.45
  ],
  [
   28.91,
   29.46,
   29.32,
   11.56,
   10.9,
   0.76,
   28.79,
   29.01,
   30.8,
   30.81,
   30.45,
   30.44
  ],
  [
   29.96,
   30.36,
   29.91,
   29.75,
   29.33,
   27.16,
   0.76,
   14.7,
   26.28,
   20.81,
   29.99,
   29.86
  ],
  [
   29.56,
   30.07,
   29.98,
   29.63,
   29.73,
   29.11,
   15.63,
   0.76,
   16.55,
   26.45,
   30.24,
   30.19
  ],
  [
   29.93,
   29.73,
   30.02,
   30.41,
   30.47,
   30.31,
   25.48,
   16.85,
   0.76,
   17.37,
   29.88,
   29.97
  ],
  [
   30.12,
   30.3,
   30.62,
   30.49,
   30.48,
   30.45,
   19.92,
   26.24,
   18.12,
   0.76,
   29.87,
   29.88
  ],
  [
   30.62,
   30.4,
   30.63,
   31.03,
   30.89,
   30.85,
   30.87,
   31.0,
   30.76,
   30.83,
   0.84,
   3.16
  ],
  [
   30.46,
   30.36,
   30.28,
   31.04,
   30.85,
   30.83,
   30.87,
   30.83,
   30.74,
   30.83,
   3.17,
   0.84
  ]
 ],
 "chain_ptm": [
  0.89,
  0.89,
  0.89,
  0.89,
  0.89,
  0.89,
  0.89,
  0.89,
  0.89,
  0.89,
  0.12,
  0.12
 ],
 "fraction_disordered": 0.0,
 "has_clash": 0.0,
 "iptm": 0.29,
 "num_recycles": 10.0,
 "ptm": 0.35,
 "ranking_score": 0.3
}