{
 "chain_iptm": [
  0.15,
  0.15,
  0.14,
  0.13,
  0.14,
  0.13,
  0.09,
  0.09,
  0.09,
  0.09,
  0.06,
  0.06
 ],
 "chain_pair_iptm": [
  [
   0.89,
   0.53,
   0.49,
   0.07,
   0.08,
   0.07,
   0.06,
   0.06,
   0.07,
   0.06,
   0.05,
   0.05
  ],
  [
   0.53,
   0.89,
   0.51,
   0.08,
   0.07,
   0.07,
   0.07,
   0.07,
   0.07,
   0.07,
   0.05,
   0.05
  ],
  [
   0.49,
   0.51,
   0.89,
   0.07,
   0.07,
   0.07,
   0.07,
   0.06,
   0.07,
   0.07,
   0.05,
   0.05
  ],
  [
   0.07,
   0.08,
   0.07,
   0.89,
   0.46,
   0.42,
   0.07,
   0.07,
   0.06,
   0.06,
   0.05,
   0.05
  ],
  [
   0.08,
   0.07,
   0.07,
   0.46,
   0.89,
   0.45,
   0.07,
   0.07,
   0.06,
   0.06,
   0.05,
   0.05
  ],
  [
   0.07,
   0.07,
   0.07,
   0.42,
   0.45,
   0.89,
   0.07,
   0.07,
   0.06,
   0.07,
   0.05,
   0.05
  ],
  [
   0.06,
   0.07,
   0.07,
   0.07,
   0.07,
   0.07,
   0.89,
   0.29,
   0.16,
   0.08,
   0.05,
   0.05
  ],
  [
   0.06,
   0.07,
   0.06,
   0.07,
   0.07,
   0.07,
   0.29,
   0.89,
   0.08,
   0.15,
   0.05,
   0.05
  ],
  [
   0.07,
   0.07,
   0.07,
   0.06,
   0.06,
   0.06,
   0.16,
   0.08,
   0.89,
   0.21,
   0.05,
   0.05
  ],
  [
   0.06,
   0.07,
   0.07,
   0.06,
   0.06,
   0.07,
   0.08,
   0.15,
   0.21,
   0.89,
   0.05,
   0.05
  ],
  [
   0.05,
   0.05,
   0.05,
   0.05,
   0.05,
   0.05,
   0.05,
   0.05,
   0.05,
   0.05,
   0.13,
   0.17
  ],
  [
   0.05,
   0.05,
   0.05,
   0.05,
   0.05,
   0.05,
   0.05,
   0.05,
   0.05,
   0.05,
   0.17,
   0.12
  ]
 ],
 "chain_pair_pae_min": [
  [
   0.76,
   8.14,
   9.75,
   28.2,
   28.68,
   29.52,
   29.45,
   30.6,
   30.31,
   30.72,
   30.05,
   29.99
  ],
  [
   8.04,
   0.76,
   9.16,
   27.22,
   28.86,
   29.33,
   29.59,
   30.19,
   30.21,
   30.36,
   30.22,
   30.14
  ],
  [
   9.13,
   9.07,
   0.76,
   28.79,
   28.91,
   29.88,
   29.64,
   30.18,
   30.06,
   30.3,
   30.01,
   30.01
  ],
  [
   28.49,
   27.9,
   29.26,
   0.76,
   10.17,
   11.91,
   29.52,
   29.38,
   30.75,
   30.65,
   30.36,
   30.4
  ],
  [
   28.18,
   28.9,
   29.07,
   10.37,
   0.76,
   10.33,
   29.52,
   29.61,
   30.85,
   30.66,
   30.17,
   30.15
  ],
  [
   29.44,
   29.13,
   29.77,
   11.18,
   11.24,
   0.76,
   29.05,
   28.62,
   30.76,
   30.59,
   30.24,
   30.3
  ],
  [
   30.22,
   29.99,
   30.31,
   29.65,
   28.93,
   28.76,
   0.76,
   13.32,
   19.29,
   26.36,
   30.18,
   30.15
  ],
  [
   30.55,
   29.98,
   30.64,
   29.69,
   29.5,
   28.39,
   13.54,
   0.76,
   26.37,
   20.26,
   30.27,
   30.35
  ],
  [
   30.27,
   29.92,
   29.95,
   30.41,
   29.85,
   30.09,
   18.95,
   25.77,
   0.76,
   18.63,
   30.15,
   30.15
  ],
  [
   30.54,
   30.07,
   30.42,
   30.55,
   30.21,
   30.24,
   25.26,
   22.21,
   17.13,
   0.76,
   30.35,
   30.46
  ],
  [
   30.68,
   30.87,
   30.69,
   30.86,
   30.8,
   30.9,
   30.91,
   31.03,
   31.05,
   31.14,
   0.83,
   2.89
  ],
  [
   30.65,
   30.81,
   30.67,
   30.83,
   30.8,
   30.91,
   30.91,
   31.06,
   31.03,
   31.14,
   2.87,
   0.84
  ]
 ],
 "chain_ptm": [
  0.89,
  0.89,
  0.89,
  0.89,
  0.89,
  0.89,
  0.89,
  0.89,
  0.89,
  0.89,
  0.13,
  0.12
 ],
 "fraction_disordered": 0.0,
 "has_clash": 0.0,
 "iptm": 0.29,
 "num_recycles": 10.0,
 "ptm": 0.35,
 "ranking_score": 0.3
}