{
 "chain_iptm": [
  0.15,
  0.15,
  0.14,
  0.13,
  0.13,
  0.13,
  0.12,
  0.12,
  0.12,
  0.07,
  0.06,
  0.06
 ],
 "chain_pair_iptm": [
  [
   0.89,
   0.53,
   0.49,
   0.07,
   0.07,
   0.07,
   0.07,
   0.06,
   0.07,
   0.06,
   0.05,
   0.05
  ],
  [
   0.53,
   0.88,
   0.51,
   0.06,
   0.07,
   0.07,
   0.06,
   0.06,
   0.07,
   0.07,
   0.05,
   0.05
  ],
  [
   0.49,
   0.51,
   0.89,
   0.06,
   0.07,
   0.07,
   0.07,
   0.07,
   0.07,
   0.06,
   0.05,
   0.05
  ],
  [
   0.07,
   0.06,
   0.06,
   0.89,
   0.45,
   0.42,
   0.07,
   0.07,
   0.07,
   0.07,
   0.05,
   0.05
  ],
  [
   0.07,
   0.07,
   0.07,
   0.45,
   0.89,
   0.45,
   0.07,
   0.07,
   0.07,
   0.07,
   0.05,
   0.05
  ],
  [
   0.07,
   0.07,
   0.07,
   0.42,
   0.45,
   0.89,
   0.07,
   0.07,
   0.07,
   0.06,
   0.05,
   0.05
  ],
  [
   0.07,
   0.06,
   0.07,
   0.07,
   0.07,
   0.07,
   0.89,
   0.38,
   0.34,
   0.07,
   0.05,
   0.05
  ],
  [
   0.06,
   0.06,
   0.07,
   0.07,
   0.07,
   0.07,
   0.38,
   0.89,
   0.36,
   0.09,
   0.05,
   0.05
  ],
  [
   0.07,
   0.07,
   0.07,
   0.07,
   0.07,
   0.07,
   0.34,
   0.36,
   0.89,
   0.07,
   0.05,
   0.05
  ],
  [
   0.06,
   0.07,
   0.06,
   0.07,
   0.07,
   0.06,
   0.07,
   0.09,
   0.07,
   0.89,
   0.05,
   0.05
  ],
  [
   0.05,
   0.05,
   0.05,
   0.05,
   0.05,
   0.05,
   0.05,
   0.05,
   0.05,
   0.05,
   0.13,
   0.16
  ],
  [
   0.05,
   0.05,
   0.05,
   0.05,
   0.05,
   0.05,
   0.05,
   0.05,
   0.05,
   0.05,
   0.16,
   0.12
  ]
 ],
 "chain_pair_pae_min": [
  [
   0.76,
   8.3,
   9.99,
   29.88,
   29.05,
   28.87,
   30.33,
   30.53,
   30.35,
   30.82,
   29.92,
   29.92
  ],
  [
   8.09,
   0.76,
   8.76,
   30.19,
   29.32,
   29.62,
   30.44,
   30.57,
   30.34,
   30.8,
   29.88,
   29.85
  ],
  [
   9.24,
   9.12,
   0.76,
   30.07,
   29.31,
   29.44,
   30.21,
   30.4,
   30.14,
   30.67,
   29.91,
   30.0
  ],
  [
   29.75,
   30.11,
   29.89,
   0.76,
   10.07,
   11.9,
   29.4,
   29.73,
   30.28,
   30.52,
   30.14,
   30.08
  ],
  [
   29.56,
   29.76,
   29.75,
   10.12,
   0.76,
   10.61,
   29.74,
   29.6,
   30.17,
   30.46,
   30.2,
   30.22
  ],
  [
   29.1,
   29.77,
   29.55,
   11.49,
   11.05,
   0.76,
   29.24,
   29.94,
   30.39,
   30.73,
   30.24,
   30.15
  ],
  [
   30.31,
   30.18,
   30.18,
   28.76,
   29.34,
   28.79,
   0.76,
   12.6,
   16.91,
   28.83,
   29.9,
   29.83
  ],
  [
   30.34,
   30.15,
   30.33,
   29.67,
   29.55,
   29.88,
   11.99,
   0.76,
   13.79,
   27.36,
   30.36,
   30.3
  ],
  [
   30.29,
   30.13,
   30.05,
   29.93,
   29.89,
   30.07,
   16.49,
   13.07,
   0.76,
   27.8,
   30.08,
   29.88
  ],
  [
   30.68,
   30.28,
   30.65,
   30.4,
   29.92,
   30.66,
   28.91,
   24.56,
   27.61,
   0.76,
   30.34,
   30.34
  ],
  [
   30.59,
   30.85,
   30.65,
   30.71,
   30.85,
   30.7,
   30.73,
   30.93,
   30.95,
   31.16,
   0.83,
   2.79
  ],
  [
   30.55,
   30.76,
   30.66,
   30.7,
   30.87,
   30.75,
   30.69,
   30.87,
   30.92,
   31.15,
   2.74,
   0.83
  ]
 ],
 "chain_ptm": [
  0.89,
  0.88,
  0.89,
  0.89,
  0.89,
  0.89,
  0.89,
  0.89,
  0.89,
  0.89,
  0.13,
  0.12
 ],
 "fraction_disordered": 0.0,
 "has_clash": 0.0,
 "iptm": 0.29,
 "num_recycles": 10.0,
 "ptm": 0.35,
 "ranking_score": 0.3
}