{
 "chain_iptm": [
  0.15,
  0.15,
  0.14,
  0.13,
  0.14,
  0.13,
  0.08,
  0.09,
  0.09,
  0.08,
  0.06,
  0.06
 ],
 "chain_pair_iptm": [
  [
   0.89,
   0.53,
   0.5,
   0.07,
   0.07,
   0.07,
   0.07,
   0.07,
   0.07,
   0.06,
   0.05,
   0.05
  ],
  [
   0.53,
   0.89,
   0.52,
   0.07,
   0.07,
   0.06,
   0.07,
   0.07,
   0.07,
   0.06,
   0.05,
   0.05
  ],
  [
   0.5,
   0.52,
   0.89,
   0.07,
   0.07,
   0.07,
   0.07,
   0.07,
   0.07,
   0.06,
   0.05,
   0.05
  ],
  [
   0.07,
   0.07,
   0.07,
   0.89,
   0.46,
   0.42,
   0.07,
   0.07,
   0.06,
   0.07,
   0.05,
   0.05
  ],
  [
   0.07,
   0.07,
   0.07,
   0.46,
   0.89,
   0.45,
   0.07,
   0.07,
   0.07,
   0.07,
   0.05,
   0.05
  ],
  [
   0.07,
   0.06,
   0.07,
   0.42,
   0.45,
   0.89,
   0.08,
   0.07,
   0.07,
   0.07,
   0.05,
   0.05
  ],
  [
   0.07,
   0.07,
   0.07,
   0.07,
   0.07,
   0.08,
   0.9,
   0.08,
   0.17,
   0.16,
   0.05,
   0.05
  ],
  [
   0.07,
   0.07,
   0.07,
   0.07,
   0.07,
   0.07,
   0.08,
   0.89,
   0.27,
   0.14,
   0.05,
   0.05
  ],
  [
   0.07,
   0.07,
   0.07,
   0.06,
   0.07,
   0.07,
   0.17,
   0.27,
   0.89,
   0.08,
   0.05,
   0.05
  ],
  [
   0.06,
   0.06,
   0.06,
   0.07,
   0.07,
   0.07,
   0.16,
   0.14,
   0.08,
   0.89,
   0.05,
   0.05
  ],
  [
   0.05,
   0.05,
   0.05,
   0.05,
   0.05,
   0.05,
   0.05,
   0.05,
   0.05,
   0.05,
   0.12,
   0.15
  ],
  [
   0.05,
   0.05,
   0.05,
   0.05,
   0.05,
   0.05,
   0.05,
   0.05,
   0.05,
   0.05,
   0.15,
   0.11
  ]
 ],
 "chain_pair_pae_min": [
  [
   0.76,
   8.04,
   9.8,
   29.32,
   29.11,
   29.96,
   30.51,
   29.76,
   30.27,
   30.9,
   30.47,
   30.49
  ],
  [
   7.97,
   0.76,
   8.73,
   29.74,
   29.7,
   30.44,
   30.57,
   29.99,
   29.89,
   30.88,
   30.18,
   30.29
  ],
  [
   9.11,
   8.67,
   0.76,
   29.6,
   29.4,
   30.17,
   30.35,
   30.1,
   29.65,
   30.75,
   30.62,
   30.65
  ],
  [
   29.35,
   30.26,
   29.43,
   0.76,
   9.98,
   11.39,
   29.46,
   30.22,
   30.78,
   29.41,
   30.47,
   30.51
  ],
  [
   29.38,
   29.95,
   29.47,
   10.55,
   0.76,
   10.2,
   29.53,
   30.58,
   30.91,
   30.07,
   30.47,
   30.47
  ],
  [
   29.24,
   29.91,
   29.64,
   11.12,
   10.93,
   0.76,
   28.94,
   30.5,
   30.73,
   29.09,
   30.56,
   30.6
  ],
  [
   30.11,
   30.03,
   30.03,
   29.25,
   29.0,
   27.09,
   0.76,
   25.7,
   19.68,
   19.25,
   30.4,
   30.41
  ],
  [
   29.85,
   29.54,
   29.92,
   29.42,
   30.29,
   30.07,
   26.15,
   0.76,
   14.05,
   21.38,
   30.49,
   30.4
  ],
  [
   29.95,
   29.39,
   29.66,
   30.32,
   30.23,
   30.08,
   18.56,
   14.59,
   0.76,
   27.07,
   30.45,
   30.5
  ],
  [
   29.93,
   30.24,
   30.33,
   29.71,
   29.91,
   28.67,
   20.62,
   20.67,
   26.95,
   0.76,
   30.47,
   30.46
  ],
  [
   30.57,
   30.82,
   30.81,
   30.7,
   30.89,
   30.81,
   30.62,
   30.79,
   30.95,
   31.03,
   0.84,
   3.38
  ],
  [
   30.56,
   30.8,
   30.86,
   30.68,
   30.84,
   30.78,
   30.64,
   30.82,
   30.98,
   31.0,
   3.37,
   0.84
  ]
 ],
 "chain_ptm": [
  0.89,
  0.89,
  0.89,
  0.89,
  0.89,
  0.89,
  0.9,
  0.89,
  0.89,
  0.89,
  0.12,
  0.11
 ],
 "fraction_disordered": 0.0,
 "has_clash": 0.0,
 "iptm": 0.29,
 "num_recycles": 10.0,
 "ptm": 0.35,
 "ranking_score": 0.3
}