{
 "chain_iptm": [
  0.15,
  0.15,
  0.14,
  0.13,
  0.13,
  0.13,
  0.09,
  0.09,
  0.09,
  0.09,
  0.06,
  0.06
 ],
 "chain_pair_iptm": [
  [
   0.89,
   0.53,
   0.49,
   0.07,
   0.07,
   0.07,
   0.06,
   0.06,
   0.07,
   0.07,
   0.05,
   0.05
  ],
  [
   0.53,
   0.89,
   0.51,
   0.07,
   0.07,
   0.07,
   0.06,
   0.07,
   0.07,
   0.07,
   0.05,
   0.05
  ],
  [
   0.49,
   0.51,
   0.89,
   0.07,
   0.07,
   0.06,
   0.07,
   0.07,
   0.07,
   0.07,
   0.05,
   0.05
  ],
  [
   0.07,
   0.07,
   0.07,
   0.89,
   0.45,
   0.42,
   0.07,
   0.07,
   0.07,
   0.07,
   0.05,
   0.05
  ],
  [
   0.07,
   0.07,
   0.07,
   0.45,
   0.89,
   0.45,
   0.07,
   0.07,
   0.06,
   0.06,
   0.05,
   0.05
  ],
  [
   0.07,
   0.07,
   0.06,
   0.42,
   0.45,
   0.89,
   0.08,
   0.07,
   0.07,
   0.07,
   0.05,
   0.05
  ],
  [
   0.06,
   0.06,
   0.07,
   0.07,
   0.07,
   0.08,
   0.89,
   0.24,
   0.08,
   0.17,
   0.05,
   0.05
  ],
  [
   0.06,
   0.07,
   0.07,
   0.07,
   0.07,
   0.07,
   0.24,
   0.89,
   0.21,
   0.08,
   0.05,
   0.05
  ],
  [
   0.07,
   0.07,
   0.07,
   0.07,
   0.06,
   0.07,
   0.08,
   0.21,
   0.89,
   0.22,
   0.05,
   0.05
  ],
  [
   0.07,
   0.07,
   0.07,
   0.07,
   0.06,
   0.07,
   0.17,
   0.08,
   0.22,
   0.89,
   0.05,
   0.05
  ],
  [
   0.05,
   0.05,
   0.05,
   0.05,
   0.05,
   0.05,
   0.05,
   0.05,
   0.05,
   0.05,
   0.12,
   0.16
  ],
  [
   0.05,
   0.05,
   0.05,
   0.05,
   0.05,
   0.05,
   0.05,
   0.05,
   0.05,
   0.05,
   0.16,
   0.12
  ]
 ],
 "chain_pair_pae_min": [
  [
   0.76,
   8.24,
   9.76,
   28.9,
   29.01,
   29.91,
   30.5,
   30.4,
   30.39,
   30.21,
   29.85,
   29.75
  ],
  [
   8.07,
   0.76,
   8.77,
   29.23,
   29.63,
   30.19,
   30.59,
   30.09,
   30.14,
   30.28,
   29.5,
   29.53
  ],
  [
   9.18,
   9.03,
   0.76,
   29.45,
   29.39,
   30.23,
   30.44,
   30.04,
   29.9,
   29.91,
   29.76,
   29.71
  ],
  [
   29.25,
   29.68,
   29.57,
   0.76,
   10.11,
   11.76,
   29.37,
   28.99,
   28.83,
   29.68,
   30.19,
   29.98
  ],
  [
   29.02,
   29.65,
   29.37,
   10.76,
   0.76,
   10.04,
   29.22,
   29.47,
   30.55,
   30.45,
   30.19,
   30.16
  ],
  [
   29.68,
   29.73,
   29.86,
   11.14,
   11.17,
   0.76,
   28.28,
   28.46,
   30.45,
   30.58,
   30.28,
   30.28
  ],
  [
   30.51,
   30.31,
   30.18,
   29.19,
   29.11,
   25.71,
   0.76,
   12.99,
   25.19,
   19.64,
   30.37,
   30.39
  ],
  [
   30.43,
   30.25,
   30.34,
   29.44,
   29.25,
   29.22,
   15.05,
   0.76,
   15.89,
   24.91,
   30.02,
   30.04
  ],
  [
   30.14,
   29.99,
   30.13,
   29.8,
   30.28,
   29.9,
   25.49,
   17.34,
   0.76,
   16.48,
   30.01,
   30.1
  ],
  [
   30.37,
   30.19,
   30.04,
   30.19,
   30.23,
   30.15,
   19.53,
   24.6,
   17.7,
   0.76,
   30.27,
   30.27
  ],
  [
   30.42,
   30.39,
   30.63,
   30.74,
   30.84,
   30.81,
   30.98,
   30.92,
   30.89,
   31.1,
   0.83,
   2.86
  ],
  [
   30.43,
   30.46,
   30.57,
   30.73,
   30.85,
   30.82,
   30.96,
   30.92,
   30.9,
   31.11,
   2.77,
   0.83
  ]
 ],
 "chain_ptm": [
  0.89,
  0.89,
  0.89,
  0.89,
  0.89,
  0.89,
  0.89,
  0.89,
  0.89,
  0.89,
  0.12,
  0.12
 ],
 "fraction_disordered": 0.0,
 "has_clash": 0.0,
 "iptm": 0.29,
 "num_recycles": 10.0,
 "ptm": 0.35,
 "ranking_score": 0.3
}