{
 "chain_iptm": [
  0.05,
  0.04,
  0.04,
  0.04,
  0.05,
  0.04,
  0.04,
  0.04,
  0.04,
  0.04,
  0.04
 ],
 "chain_pair_iptm": [
  [
   0.87,
   0.05,
   0.05,
   0.05,
   0.05,
   0.05,
   0.05,
   0.05,
   0.05,
   0.05,
   0.05
  ],
  [
   0.05,
   0.08,
   0.05,
   0.05,
   0.05,
   0.04,
   0.04,
   0.04,
   0.04,
   0.04,
   0.04
  ],
  [
   0.05,
   0.05,
   0.08,
   0.05,
   0.05,
   0.04,
   0.04,
   0.04,
   0.04,
   0.04,
   0.04
  ],
  [
   0.05,
   0.05,
   0.05,
   0.08,
   0.05,
   0.04,
   0.04,
   0.04,
   0.04,
   0.04,
   0.04
  ],
  [
   0.05,
   0.05,
   0.05,
   0.05,
   0.08,
   0.04,
   0.04,
   0.04,
   0.04,
   0.04,
   0.04
  ],
  [
   0.05,
   0.04,
   0.04,
   0.04,
   0.04,
   0.08,
   0.04,
   0.04,
   0.04,
   0.04,
   0.04
  ],
  [
   0.05,
   0.04,
   0.04,
   0.04,
   0.04,
   0.04,
   0.08,
   0.04,
   0.04,
   0.04,
   0.04
  ],
  [
   0.05,
   0.04,
   0.04,
   0.04,
   0.04,
   0.04,
   0.04,
   0.08,
   0.04,
   0.04,
   0.04
  ],
  [
   0.05,
   0.04,
   0.04,
   0.04,
   0.04,
   0.04,
   0.04,
   0.04,
   0.08,
   0.04,
   0.04
  ],
  [
   0.05,
   0.04,
   0.04,
   0.04,
   0.04,
   0.04,
   0.04,
   0.04,
   0.04,
   0.08,
   0.05
  ],
  [
   0.05,
   0.04,
   0.04,
   0.04,
   0.04,
   0.04,
   0.04,
   0.04,
   0.04,
   0.05,
   0.08
  ]
 ],
 "chain_pair_pae_min": [
  [
   0.76,
   30.36,
   31.25,
   31.09,
   30.08,
   31.35,
   31.38,
   31.37,
   31.32,
   30.36,
   30.44
  ],
  [
   31.38,
   0.92,
   27.78,
   25.92,
   26.29,
   30.47,
   30.78,
   31.0,
   30.85,
   30.49,
   30.58
  ],
  [
   31.54,
   27.1,
   0.91,
   25.76,
   26.74,
   29.86,
   30.61,
   30.82,
   30.95,
   30.68,
   30.81
  ],
  [
   31.44,
   26.19,
   25.92,
   0.92,
   27.43,
   30.28,
   30.81,
   30.99,
   30.99,
   30.75,
   30.71
  ],
  [
   31.25,
   26.06,
   26.88,
   27.27,
   0.91,
   29.69,
   30.39,
   30.57,
   30.78,
   30.38,
   30.41
  ],
  [
   31.58,
   30.32,
   30.08,
   30.34,
   29.72,
   0.91,
   29.69,
   30.18,
   30.29,
   30.71,
   30.8
  ],
  [
   31.6,
   30.71,
   30.49,
   30.77,
   30.36,
   29.91,
   0.91,
   29.45,
   30.19,
   30.69,
   30.76
  ],
  [
   31.6,
   30.91,
   30.6,
   31.01,
   30.6,
   29.98,
   29.31,
   0.9,
   29.6,
   30.58,
   30.49
  ],
  [
   31.57,
   30.9,
   30.65,
   31.06,
   30.85,
   30.52,
   30.27,
   29.19,
   0.91,
   29.59,
   30.2
  ],
  [
   31.39,
   30.33,
   30.59,
   30.81,
   30.47,
   30.72,
   30.61,
   30.49,
   29.68,
   0.9,
   24.72
  ],
  [
   31.39,
   30.61,
   30.77,
   30.77,
   30.43,
   30.78,
   30.77,
   30.7,
   30.17,
   25.84,
   0.91
  ]
 ],
 "chain_ptm": [
  0.87,
  0.08,
  0.08,
  0.08,
  0.08,
  0.08,
  0.08,
  0.08,
  0.08,
  0.08,
  0.08
 ],
 "fraction_disordered": 0.0,
 "has_clash": 0.0,
 "iptm": 0.15,
 "num_recycles": 10.0,
 "ptm": 0.27,
 "ranking_score": 0.17
}