{
 "chain_iptm": [
  0.05,
  0.05,
  0.05,
  0.05,
  0.04,
  0.04,
  0.04,
  0.04,
  0.04,
  0.04,
  0.04
 ],
 "chain_pair_iptm": [
  [
   0.87,
   0.05,
   0.05,
   0.05,
   0.05,
   0.05,
   0.05,
   0.05,
   0.05,
   0.05,
   0.05
  ],
  [
   0.05,
   0.08,
   0.05,
   0.05,
   0.04,
   0.04,
   0.04,
   0.04,
   0.04,
   0.04,
   0.04
  ],
  [
   0.05,
   0.05,
   0.08,
   0.05,
   0.04,
   0.04,
   0.04,
   0.04,
   0.04,
   0.04,
   0.04
  ],
  [
   0.05,
   0.05,
   0.05,
   0.08,
   0.04,
   0.04,
   0.04,
   0.04,
   0.04,
   0.04,
   0.04
  ],
  [
   0.05,
   0.04,
   0.04,
   0.04,
   0.08,
   0.05,
   0.05,
   0.04,
   0.04,
   0.04,
   0.04
  ],
  [
   0.05,
   0.04,
   0.04,
   0.04,
   0.05,
   0.08,
   0.04,
   0.05,
   0.04,
   0.04,
   0.04
  ],
  [
   0.05,
   0.04,
   0.04,
   0.04,
   0.05,
   0.04,
   0.08,
   0.05,
   0.04,
   0.04,
   0.04
  ],
  [
   0.05,
   0.04,
   0.04,
   0.04,
   0.04,
   0.05,
   0.05,
   0.08,
   0.04,
   0.04,
   0.04
  ],
  [
   0.05,
   0.04,
   0.04,
   0.04,
   0.04,
   0.04,
   0.04,
   0.04,
   0.08,
   0.05,
   0.05
  ],
  [
   0.05,
   0.04,
   0.04,
   0.04,
   0.04,
   0.04,
   0.04,
   0.04,
   0.05,
   0.08,
   0.05
  ],
  [
   0.05,
   0.04,
   0.04,
   0.04,
   0.04,
   0.04,
   0.04,
   0.04,
   0.05,
   0.05,
   0.08
  ]
 ],
 "chain_pair_pae_min": [
  [
   0.76,
   30.54,
   30.2,
   29.98,
   31.32,
   31.35,
   31.39,
   31.38,
   31.41,
   31.41,
   31.36
  ],
  [
   31.24,
   0.91,
   25.0,
   25.67,
   30.04,
   29.89,
   30.8,
   30.84,
   30.71,
   30.43,
   30.44
  ],
  [
   31.24,
   24.4,
   0.91,
   25.33,
   30.29,
   30.37,
   30.86,
   30.88,
   30.83,
   30.47,
   30.41
  ],
  [
   31.24,
   25.49,
   25.55,
   0.91,
   29.61,
   29.85,
   30.33,
   30.59,
   30.77,
   30.62,
   30.81
  ],
  [
   31.49,
   30.0,
   30.31,
   29.77,
   0.9,
   26.16,
   27.42,
   30.05,
   30.73,
   30.88,
   31.03
  ],
  [
   31.53,
   30.06,
   30.61,
   29.96,
   26.17,
   0.91,
   28.35,
   26.81,
   30.56,
   30.56,
   30.88
  ],
  [
   31.57,
   30.51,
   30.95,
   30.4,
   27.43,
   28.34,
   0.91,
   26.86,
   30.02,
   30.32,
   30.67
  ],
  [
   31.57,
   30.64,
   30.77,
   30.81,
   30.23,
   27.58,
   26.09,
   0.9,
   29.88,
   29.99,
   30.57
  ],
  [
   31.59,
   30.36,
   30.7,
   30.68,
   30.84,
   30.69,
   29.97,
   29.93,
   0.91,
   26.38,
   26.52
  ],
  [
   31.6,
   30.55,
   30.54,
   30.73,
   30.86,
   30.65,
   30.24,
   30.14,
   25.89,
   0.91,
   25.5
  ],
  [
   31.62,
   30.44,
   30.65,
   30.85,
   31.05,
   31.03,
   30.54,
   30.74,
   27.42,
   26.03,
   0.91
  ]
 ],
 "chain_ptm": [
  0.87,
  0.08,
  0.08,
  0.08,
  0.08,
  0.08,
  0.08,
  0.08,
  0.08,
  0.08,
  0.08
 ],
 "fraction_disordered": 0.0,
 "has_clash": 0.0,
 "iptm": 0.15,
 "num_recycles": 10.0,
 "ptm": 0.27,
 "ranking_score": 0.17
}