{
 "chain_iptm": [
  0.05,
  0.04,
  0.04,
  0.04,
  0.04,
  0.04,
  0.04,
  0.04,
  0.04,
  0.04,
  0.04
 ],
 "chain_pair_iptm": [
  [
   0.87,
   0.05,
   0.05,
   0.05,
   0.05,
   0.06,
   0.05,
   0.05,
   0.05,
   0.05,
   0.05
  ],
  [
   0.05,
   0.08,
   0.05,
   0.05,
   0.04,
   0.04,
   0.04,
   0.04,
   0.04,
   0.04,
   0.04
  ],
  [
   0.05,
   0.05,
   0.08,
   0.05,
   0.04,
   0.04,
   0.04,
   0.04,
   0.04,
   0.04,
   0.04
  ],
  [
   0.05,
   0.05,
   0.05,
   0.08,
   0.04,
   0.04,
   0.04,
   0.04,
   0.04,
   0.04,
   0.04
  ],
  [
   0.05,
   0.04,
   0.04,
   0.04,
   0.08,
   0.05,
   0.04,
   0.04,
   0.04,
   0.04,
   0.04
  ],
  [
   0.06,
   0.04,
   0.04,
   0.04,
   0.05,
   0.08,
   0.04,
   0.04,
   0.04,
   0.04,
   0.04
  ],
  [
   0.05,
   0.04,
   0.04,
   0.04,
   0.04,
   0.04,
   0.08,
   0.05,
   0.04,
   0.04,
   0.05
  ],
  [
   0.05,
   0.04,
   0.04,
   0.04,
   0.04,
   0.04,
   0.05,
   0.08,
   0.04,
   0.04,
   0.05
  ],
  [
   0.05,
   0.04,
   0.04,
   0.04,
   0.04,
   0.04,
   0.04,
   0.04,
   0.08,
   0.05,
   0.04
  ],
  [
   0.05,
   0.04,
   0.04,
   0.04,
   0.04,
   0.04,
   0.04,
   0.04,
   0.05,
   0.08,
   0.04
  ],
  [
   0.05,
   0.04,
   0.04,
   0.04,
   0.04,
   0.04,
   0.05,
   0.05,
   0.04,
   0.04,
   0.08
  ]
 ],
 "chain_pair_pae_min": [
  [
   0.76,
   30.44,
   30.68,
   30.29,
   30.33,
   30.38,
   31.4,
   31.28,
   31.06,
   31.05,
   31.38
  ],
  [
   31.31,
   0.91,
   26.13,
   26.25,
   29.8,
   30.02,
   30.05,
   30.25,
   30.76,
   30.97,
   30.87
  ],
  [
   31.25,
   26.41,
   0.91,
   25.83,
   29.36,
   30.14,
   30.13,
   30.35,
   30.74,
   30.87,
   30.75
  ],
  [
   31.11,
   26.09,
   26.82,
   0.91,
   28.43,
   29.98,
   30.23,
   30.52,
   30.84,
   30.84,
   30.63
  ],
  [
   31.13,
   30.0,
   29.48,
   28.45,
   0.9,
   27.13,
   30.08,
   30.51,
   30.41,
   30.39,
   30.56
  ],
  [
   31.17,
   30.01,
   29.9,
   30.14,
   27.06,
   0.9,
   30.3,
   30.36,
   30.19,
   30.33,
   30.74
  ],
  [
   31.58,
   30.1,
   30.14,
   30.05,
   29.9,
   30.26,
   0.91,
   26.39,
   30.14,
   29.91,
   27.98
  ],
  [
   31.53,
   30.32,
   30.28,
   30.35,
   30.15,
   30.23,
   26.68,
   0.91,
   29.61,
   29.77,
   26.89
  ],
  [
   31.41,
   30.7,
   30.88,
   30.76,
   30.46,
   30.27,
   30.16,
   29.78,
   0.91,
   25.81,
   29.68
  ],
  [
   31.41,
   30.77,
   30.83,
   30.81,
   30.39,
   30.4,
   30.2,
   29.73,
   25.96,
   0.9,
   29.49
  ],
  [
   31.53,
   30.71,
   30.67,
   30.58,
   30.39,
   30.63,
   28.42,
   27.3,
   29.93,
   29.13,
   0.89
  ]
 ],
 "chain_ptm": [
  0.87,
  0.08,
  0.08,
  0.08,
  0.08,
  0.08,
  0.08,
  0.08,
  0.08,
  0.08,
  0.08
 ],
 "fraction_disordered": 0.0,
 "has_clash": 0.0,
 "iptm": 0.15,
 "num_recycles": 10.0,
 "ptm": 0.27,
 "ranking_score": 0.18
}