{
 "chain_iptm": [
  0.05,
  0.04,
  0.04,
  0.04,
  0.04,
  0.04,
  0.04,
  0.04,
  0.04,
  0.04,
  0.04
 ],
 "chain_pair_iptm": [
  [
   0.86,
   0.05,
   0.05,
   0.05,
   0.05,
   0.05,
   0.05,
   0.05,
   0.05,
   0.05,
   0.05
  ],
  [
   0.05,
   0.08,
   0.05,
   0.04,
   0.04,
   0.04,
   0.04,
   0.04,
   0.04,
   0.04,
   0.04
  ],
  [
   0.05,
   0.05,
   0.08,
   0.05,
   0.04,
   0.04,
   0.04,
   0.04,
   0.04,
   0.04,
   0.04
  ],
  [
   0.05,
   0.04,
   0.05,
   0.08,
   0.04,
   0.05,
   0.04,
   0.04,
   0.04,
   0.04,
   0.04
  ],
  [
   0.05,
   0.04,
   0.04,
   0.04,
   0.08,
   0.05,
   0.04,
   0.04,
   0.04,
   0.04,
   0.04
  ],
  [
   0.05,
   0.04,
   0.04,
   0.05,
   0.05,
   0.08,
   0.04,
   0.04,
   0.04,
   0.04,
   0.04
  ],
  [
   0.05,
   0.04,
   0.04,
   0.04,
   0.04,
   0.04,
   0.08,
   0.05,
   0.04,
   0.04,
   0.05
  ],
  [
   0.05,
   0.04,
   0.04,
   0.04,
   0.04,
   0.04,
   0.05,
   0.08,
   0.04,
   0.05,
   0.04
  ],
  [
   0.05,
   0.04,
   0.04,
   0.04,
   0.04,
   0.04,
   0.04,
   0.04,
   0.08,
   0.05,
   0.05
  ],
  [
   0.05,
   0.04,
   0.04,
   0.04,
   0.04,
   0.04,
   0.04,
   0.05,
   0.05,
   0.08,
   0.04
  ],
  [
   0.05,
   0.04,
   0.04,
   0.04,
   0.04,
   0.04,
   0.05,
   0.04,
   0.05,
   0.04,
   0.08
  ]
 ],
 "chain_pair_pae_min": [
  [
   0.76,
   30.78,
   31.19,
   31.34,
   31.31,
   31.25,
   30.84,
   30.29,
   30.59,
   30.53,
   30.66
  ],
  [
   31.39,
   0.91,
   26.41,
   29.2,
   28.63,
   29.31,
   30.14,
   30.54,
   30.73,
   30.95,
   30.13
  ],
  [
   31.51,
   26.7,
   0.91,
   26.23,
   28.96,
   29.13,
   30.15,
   30.0,
   30.64,
   30.62,
   30.79
  ],
  [
   31.57,
   28.94,
   26.55,
   0.92,
   28.7,
   27.6,
   30.09,
   30.11,
   30.27,
   30.79,
   30.72
  ],
  [
   31.53,
   28.33,
   28.81,
   28.46,
   0.91,
   26.54,
   29.85,
   30.46,
   30.53,
   30.84,
   30.09
  ],
  [
   31.52,
   28.73,
   28.45,
   28.21,
   26.67,
   0.91,
   29.95,
   30.38,
   30.55,
   30.93,
   30.38
  ],
  [
   31.34,
   30.12,
   30.24,
   30.3,
   29.85,
   30.07,
   0.91,
   26.55,
   29.49,
   30.12,
   26.72
  ],
  [
   31.33,
   30.52,
   30.15,
   30.28,
   30.53,
   30.31,
   25.76,
   0.9,
   28.16,
   27.38,
   29.63
  ],
  [
   31.39,
   30.67,
   30.43,
   30.29,
   30.58,
   30.47,
   29.57,
   28.35,
   0.9,
   25.84,
   26.74
  ],
  [
   31.37,
   30.87,
   30.59,
   30.75,
   30.8,
   30.79,
   30.26,
   27.29,
   26.11,
   0.89,
   29.78
  ],
  [
   31.39,
   30.67,
   30.76,
   30.79,
   30.44,
   30.49,
   27.51,
   29.81,
   27.18,
   29.76,
   0.89
  ]
 ],
 "chain_ptm": [
  0.86,
  0.08,
  0.08,
  0.08,
  0.08,
  0.08,
  0.08,
  0.08,
  0.08,
  0.08,
  0.08
 ],
 "fraction_disordered": 0.0,
 "has_clash": 1.0,
 "iptm": 0.15,
 "num_recycles": 10.0,
 "ptm": 0.27,
 "ranking_score": -99.83
}