{
 "chain_iptm": [
  0.05,
  0.04,
  0.04,
  0.05,
  0.05,
  0.04,
  0.04,
  0.04,
  0.04,
  0.04,
  0.04
 ],
 "chain_pair_iptm": [
  [
   0.87,
   0.05,
   0.05,
   0.05,
   0.05,
   0.05,
   0.05,
   0.05,
   0.05,
   0.05,
   0.05
  ],
  [
   0.05,
   0.08,
   0.05,
   0.05,
   0.05,
   0.04,
   0.04,
   0.04,
   0.04,
   0.04,
   0.04
  ],
  [
   0.05,
   0.05,
   0.08,
   0.05,
   0.04,
   0.04,
   0.04,
   0.04,
   0.04,
   0.04,
   0.04
  ],
  [
   0.05,
   0.05,
   0.05,
   0.08,
   0.05,
   0.04,
   0.04,
   0.04,
   0.04,
   0.04,
   0.04
  ],
  [
   0.05,
   0.05,
   0.04,
   0.05,
   0.08,
   0.04,
   0.04,
   0.04,
   0.04,
   0.04,
   0.04
  ],
  [
   0.05,
   0.04,
   0.04,
   0.04,
   0.04,
   0.08,
   0.05,
   0.04,
   0.04,
   0.04,
   0.04
  ],
  [
   0.05,
   0.04,
   0.04,
   0.04,
   0.04,
   0.05,
   0.08,
   0.05,
   0.05,
   0.04,
   0.04
  ],
  [
   0.05,
   0.04,
   0.04,
   0.04,
   0.04,
   0.04,
   0.05,
   0.08,
   0.04,
   0.04,
   0.04
  ],
  [
   0.05,
   0.04,
   0.04,
   0.04,
   0.04,
   0.04,
   0.05,
   0.04,
   0.08,
   0.05,
   0.05
  ],
  [
   0.05,
   0.04,
   0.04,
   0.04,
   0.04,
   0.04,
   0.04,
   0.04,
   0.05,
   0.08,
   0.05
  ],
  [
   0.05,
   0.04,
   0.04,
   0.04,
   0.04,
   0.04,
   0.04,
   0.04,
   0.05,
   0.05,
   0.08
  ]
 ],
 "chain_pair_pae_min": [
  [
   0.76,
   30.41,
   31.26,
   31.22,
   30.7,
   31.28,
   30.79,
   30.72,
   31.13,
   30.72,
   30.88
  ],
  [
   31.46,
   0.92,
   27.44,
   26.09,
   26.6,
   30.42,
   30.13,
   30.24,
   30.75,
   30.78,
   30.79
  ],
  [
   31.53,
   27.65,
   0.92,
   26.87,
   28.36,
   30.21,
   30.38,
   30.42,
   30.76,
   30.9,
   30.88
  ],
  [
   31.46,
   26.27,
   26.85,
   0.91,
   26.64,
   29.87,
   30.31,
   30.37,
   30.69,
   30.93,
   30.93
  ],
  [
   31.42,
   26.67,
   27.69,
   26.27,
   0.91,
   29.49,
   29.81,
   29.97,
   30.56,
   30.71,
   30.74
  ],
  [
   31.55,
   30.49,
   30.29,
   29.95,
   29.49,
   0.91,
   27.54,
   30.17,
   30.36,
   30.66,
   30.67
  ],
  [
   31.51,
   30.08,
   30.51,
   30.26,
   29.93,
   28.07,
   0.91,
   26.48,
   27.34,
   30.16,
   30.17
  ],
  [
   31.35,
   30.33,
   30.36,
   30.31,
   29.85,
   30.09,
   26.39,
   0.91,
   29.53,
   30.25,
   30.33
  ],
  [
   31.55,
   30.7,
   30.73,
   30.54,
   30.46,
   30.25,
   27.6,
   29.31,
   0.9,
   27.88,
   26.08
  ],
  [
   31.57,
   30.57,
   30.88,
   30.82,
   30.58,
   30.63,
   30.23,
   30.18,
   28.26,
   0.91,
   25.51
  ],
  [
   31.43,
   30.65,
   30.94,
   30.84,
   30.74,
   30.74,
   30.29,
   30.19,
   27.04,
   25.53,
   0.9
  ]
 ],
 "chain_ptm": [
  0.87,
  0.08,
  0.08,
  0.08,
  0.08,
  0.08,
  0.08,
  0.08,
  0.08,
  0.08,
  0.08
 ],
 "fraction_disordered": 0.0,
 "has_clash": 1.0,
 "iptm": 0.15,
 "num_recycles": 10.0,
 "ptm": 0.27,
 "ranking_score": -99.83
}