{
 "chain_iptm": [
  0.04,
  0.04,
  0.04,
  0.04,
  0.04,
  0.04,
  0.04,
  0.04,
  0.04,
  0.04
 ],
 "chain_pair_iptm": [
  [
   0.09,
   0.05,
   0.04,
   0.03,
   0.03,
   0.04,
   0.04,
   0.04,
   0.03,
   0.04
  ],
  [
   0.05,
   0.09,
   0.04,
   0.04,
   0.04,
   0.04,
   0.04,
   0.03,
   0.04,
   0.03
  ],
  [
   0.04,
   0.04,
   0.09,
   0.04,
   0.04,
   0.04,
   0.04,
   0.03,
   0.03,
   0.04
  ],
  [
   0.03,
   0.04,
   0.04,
   0.09,
   0.05,
   0.04,
   0.04,
   0.03,
   0.03,
   0.03
  ],
  [
   0.03,
   0.04,
   0.04,
   0.05,
   0.09,
   0.04,
   0.04,
   0.03,
   0.04,
   0.03
  ],
  [
   0.04,
   0.04,
   0.04,
   0.04,
   0.04,
   0.09,
   0.04,
   0.03,
   0.03,
   0.03
  ],
  [
   0.04,
   0.04,
   0.04,
   0.04,
   0.04,
   0.04,
   0.09,
   0.04,
   0.03,
   0.03
  ],
  [
   0.04,
   0.03,
   0.03,
   0.03,
   0.03,
   0.03,
   0.04,
   0.09,
   0.04,
   0.04
  ],
  [
   0.03,
   0.04,
   0.03,
   0.03,
   0.04,
   0.03,
   0.03,
   0.04,
   0.09,
   0.04
  ],
  [
   0.04,
   0.03,
   0.04,
   0.03,
   0.03,
   0.03,
   0.03,
   0.04,
   0.04,
   0.09
  ]
 ],
 "chain_pair_pae_min": [
  [
   0.93,
   23.45,
   27.49,
   29.68,
   29.25,
   27.41,
   27.63,
   26.21,
   29.8,
   27.74
  ],
  [
   23.6,
   0.94,
   25.64,
   25.48,
   26.32,
   26.77,
   27.66,
   29.66,
   27.81,
   30.04
  ],
  [
   27.87,
   25.7,
   0.93,
   27.44,
   28.01,
   27.06,
   27.95,
   29.66,
   29.91,
   27.98
  ],
  [
   29.63,
   26.52,
   28.12,
   0.93,
   21.63,
   27.32,
   27.02,
   30.18,
   29.46,
   30.19
  ],
  [
   29.69,
   26.59,
   28.33,
   21.76,
   0.93,
   25.04,
   26.25,
   29.98,
   28.62,
   30.01
  ],
  [
   28.0,
   26.23,
   25.72,
   26.78,
   24.75,
   0.92,
   24.09,
   29.66,
   29.1,
   29.64
  ],
  [
   27.26,
   27.15,
   27.88,
   26.79,
   26.1,
   25.0,
   0.93,
   28.75,
   29.29,
   29.4
  ],
  [
   25.42,
   29.87,
   29.72,
   30.18,
   29.52,
   29.52,
   28.4,
   0.92,
   27.95,
   27.03
  ],
  [
   29.88,
   27.35,
   29.97,
   29.61,
   28.58,
   29.26,
   29.12,
   28.4,
   0.92,
   27.68
  ],
  [
   27.62,
   30.02,
   27.88,
   30.24,
   29.92,
   29.57,
   29.11,
   27.68,
   27.97,
   0.92
  ]
 ],
 "chain_ptm": [
  0.09,
  0.09,
  0.09,
  0.09,
  0.09,
  0.09,
  0.09,
  0.09,
  0.09,
  0.09
 ],
 "fraction_disordered": 0.0,
 "has_clash": 0.0,
 "iptm": 0.12,
 "num_recycles": 10.0,
 "ptm": 0.13,
 "ranking_score": 0.12
}