{
 "chain_iptm": [
  0.04,
  0.04,
  0.04,
  0.04,
  0.04,
  0.04,
  0.04,
  0.04,
  0.04,
  0.04
 ],
 "chain_pair_iptm": [
  [
   0.09,
   0.05,
   0.05,
   0.04,
   0.04,
   0.04,
   0.03,
   0.03,
   0.03,
   0.03
  ],
  [
   0.05,
   0.09,
   0.05,
   0.04,
   0.04,
   0.04,
   0.03,
   0.03,
   0.03,
   0.03
  ],
  [
   0.05,
   0.05,
   0.09,
   0.05,
   0.04,
   0.04,
   0.04,
   0.03,
   0.03,
   0.03
  ],
  [
   0.04,
   0.04,
   0.05,
   0.09,
   0.05,
   0.04,
   0.04,
   0.04,
   0.03,
   0.03
  ],
  [
   0.04,
   0.04,
   0.04,
   0.05,
   0.09,
   0.05,
   0.04,
   0.04,
   0.04,
   0.04
  ],
  [
   0.04,
   0.04,
   0.04,
   0.04,
   0.05,
   0.09,
   0.05,
   0.04,
   0.04,
   0.04
  ],
  [
   0.03,
   0.03,
   0.04,
   0.04,
   0.04,
   0.05,
   0.09,
   0.05,
   0.04,
   0.04
  ],
  [
   0.03,
   0.03,
   0.03,
   0.04,
   0.04,
   0.04,
   0.05,
   0.09,
   0.05,
   0.04
  ],
  [
   0.03,
   0.03,
   0.03,
   0.03,
   0.04,
   0.04,
   0.04,
   0.05,
   0.09,
   0.05
  ],
  [
   0.03,
   0.03,
   0.03,
   0.03,
   0.04,
   0.04,
   0.04,
   0.04,
   0.05,
   0.09
  ]
 ],
 "chain_pair_pae_min": [
  [
   0.93,
   18.64,
   23.62,
   25.19,
   27.72,
   28.62,
   29.48,
   30.03,
   30.31,
   30.49
  ],
  [
   20.76,
   0.94,
   22.08,
   25.17,
   27.06,
   28.67,
   29.48,
   30.17,
   30.37,
   30.5
  ],
  [
   23.87,
   22.31,
   0.92,
   21.56,
   25.36,
   27.39,
   28.78,
   29.64,
   30.22,
   30.23
  ],
  [
   25.89,
   25.5,
   21.44,
   0.92,
   21.73,
   25.28,
   27.29,
   28.76,
   29.92,
   29.95
  ],
  [
   28.41,
   28.03,
   25.44,
   22.0,
   0.92,
   21.88,
   25.79,
   27.59,
   29.32,
   29.36
  ],
  [
   29.43,
   29.14,
   27.71,
   25.62,
   21.53,
   0.92,
   22.19,
   25.73,
   28.49,
   28.48
  ],
  [
   30.06,
   30.03,
   28.82,
   27.51,
   25.67,
   22.68,
   0.93,
   22.58,
   26.48,
   26.65
  ],
  [
   30.32,
   30.34,
   29.53,
   28.82,
   27.66,
   25.88,
   22.93,
   0.92,
   23.48,
   25.6
  ],
  [
   30.63,
   30.6,
   30.15,
   29.56,
   28.94,
   28.15,
   26.37,
   24.31,
   0.92,
   22.72
  ],
  [
   30.75,
   30.69,
   30.17,
   29.69,
   29.12,
   28.23,
   26.55,
   25.91,
   22.38,
   0.92
  ]
 ],
 "chain_ptm": [
  0.09,
  0.09,
  0.09,
  0.09,
  0.09,
  0.09,
  0.09,
  0.09,
  0.09,
  0.09
 ],
 "fraction_disordered": 0.0,
 "has_clash": 0.0,
 "iptm": 0.13,
 "num_recycles": 10.0,
 "ptm": 0.14,
 "ranking_score": 0.13
}