{
 "chain_iptm": [
  0.03,
  0.03,
  0.03,
  0.03,
  0.03,
  0.03,
  0.03,
  0.03,
  0.03,
  0.03
 ],
 "chain_pair_iptm": [
  [
   0.09,
   0.03,
   0.03,
   0.04,
   0.04,
   0.03,
   0.03,
   0.03,
   0.03,
   0.03
  ],
  [
   0.03,
   0.09,
   0.04,
   0.03,
   0.03,
   0.03,
   0.03,
   0.03,
   0.03,
   0.03
  ],
  [
   0.03,
   0.04,
   0.09,
   0.03,
   0.03,
   0.03,
   0.03,
   0.03,
   0.03,
   0.03
  ],
  [
   0.04,
   0.03,
   0.03,
   0.09,
   0.04,
   0.03,
   0.03,
   0.03,
   0.03,
   0.03
  ],
  [
   0.04,
   0.03,
   0.03,
   0.04,
   0.09,
   0.03,
   0.03,
   0.03,
   0.03,
   0.03
  ],
  [
   0.03,
   0.03,
   0.03,
   0.03,
   0.03,
   0.09,
   0.03,
   0.03,
   0.03,
   0.03
  ],
  [
   0.03,
   0.03,
   0.03,
   0.03,
   0.03,
   0.03,
   0.09,
   0.03,
   0.03,
   0.03
  ],
  [
   0.03,
   0.03,
   0.03,
   0.03,
   0.03,
   0.03,
   0.03,
   0.09,
   0.03,
   0.03
  ],
  [
   0.03,
   0.03,
   0.03,
   0.03,
   0.03,
   0.03,
   0.03,
   0.03,
   0.09,
   0.03
  ],
  [
   0.03,
   0.03,
   0.03,
   0.03,
   0.03,
   0.03,
   0.03,
   0.03,
   0.03,
   0.09
  ]
 ],
 "chain_pair_pae_min": [
  [
   0.92,
   28.84,
   30.15,
   28.38,
   28.41,
   30.35,
   29.8,
   30.92,
   30.46,
   30.61
  ],
  [
   29.29,
   0.93,
   27.55,
   30.07,
   30.63,
   30.88,
   30.09,
   30.07,
   30.19,
   31.0
  ],
  [
   29.99,
   27.55,
   0.93,
   29.61,
   30.23,
   30.28,
   30.87,
   30.02,
   29.95,
   30.92
  ],
  [
   28.34,
   30.08,
   29.62,
   0.93,
   27.95,
   30.77,
   30.72,
   30.77,
   29.94,
   30.77
  ],
  [
   28.3,
   30.51,
   30.52,
   28.4,
   0.93,
   29.73,
   30.77,
   30.83,
   30.61,
   29.91
  ],
  [
   30.16,
   30.76,
   30.15,
   30.76,
   29.75,
   0.92,
   29.95,
   30.37,
   29.23,
   29.84
  ],
  [
   29.81,
   30.28,
   30.76,
   30.73,
   30.34,
   29.89,
   0.93,
   30.15,
   29.81,
   30.18
  ],
  [
   30.81,
   29.91,
   29.98,
   30.81,
   30.89,
   30.52,
   29.93,
   0.92,
   29.09,
   30.87
  ],
  [
   30.37,
   30.32,
   30.31,
   29.91,
   30.6,
   29.63,
   30.1,
   29.73,
   0.93,
   30.02
  ],
  [
   30.31,
   30.83,
   30.92,
   30.8,
   30.06,
   29.66,
   30.03,
   30.75,
   29.97,
   0.93
  ]
 ],
 "chain_ptm": [
  0.09,
  0.09,
  0.09,
  0.09,
  0.09,
  0.09,
  0.09,
  0.09,
  0.09,
  0.09
 ],
 "fraction_disordered": 0.0,
 "has_clash": 0.0,
 "iptm": 0.11,
 "num_recycles": 10.0,
 "ptm": 0.12,
 "ranking_score": 0.12
}