{
 "chain_iptm": [
  0.03,
  0.03,
  0.03,
  0.03,
  0.03,
  0.03,
  0.03,
  0.03,
  0.03,
  0.03
 ],
 "chain_pair_iptm": [
  [
   0.09,
   0.04,
   0.04,
   0.03,
   0.03,
   0.03,
   0.03,
   0.03,
   0.03,
   0.03
  ],
  [
   0.04,
   0.09,
   0.04,
   0.03,
   0.03,
   0.03,
   0.03,
   0.03,
   0.03,
   0.03
  ],
  [
   0.04,
   0.04,
   0.09,
   0.03,
   0.03,
   0.03,
   0.03,
   0.03,
   0.03,
   0.03
  ],
  [
   0.03,
   0.03,
   0.03,
   0.09,
   0.04,
   0.03,
   0.03,
   0.03,
   0.03,
   0.03
  ],
  [
   0.03,
   0.03,
   0.03,
   0.04,
   0.09,
   0.04,
   0.03,
   0.03,
   0.03,
   0.03
  ],
  [
   0.03,
   0.03,
   0.03,
   0.03,
   0.04,
   0.09,
   0.03,
   0.03,
   0.03,
   0.03
  ],
  [
   0.03,
   0.03,
   0.03,
   0.03,
   0.03,
   0.03,
   0.09,
   0.04,
   0.03,
   0.03
  ],
  [
   0.03,
   0.03,
   0.03,
   0.03,
   0.03,
   0.03,
   0.04,
   0.09,
   0.03,
   0.03
  ],
  [
   0.03,
   0.03,
   0.03,
   0.03,
   0.03,
   0.03,
   0.03,
   0.03,
   0.09,
   0.03
  ],
  [
   0.03,
   0.03,
   0.03,
   0.03,
   0.03,
   0.03,
   0.03,
   0.03,
   0.03,
   0.09
  ]
 ],
 "chain_pair_pae_min": [
  [
   0.93,
   27.47,
   29.22,
   29.85,
   30.14,
   30.45,
   30.07,
   29.94,
   30.71,
   29.69
  ],
  [
   28.35,
   0.93,
   28.75,
   29.7,
   29.87,
   30.45,
   30.21,
   30.06,
   30.38,
   29.29
  ],
  [
   29.21,
   28.72,
   0.93,
   29.23,
   30.1,
   29.84,
   30.48,
   30.45,
   29.58,
   29.32
  ],
  [
   29.86,
   29.68,
   29.06,
   0.93,
   25.9,
   28.97,
   30.75,
   30.83,
   30.81,
   30.01
  ],
  [
   30.25,
   29.76,
   30.18,
   25.75,
   0.93,
   26.32,
   30.81,
   30.78,
   30.42,
   30.21
  ],
  [
   30.43,
   30.08,
   29.87,
   28.87,
   26.32,
   0.93,
   29.61,
   30.79,
   30.7,
   30.52
  ],
  [
   30.0,
   29.91,
   30.58,
   30.63,
   30.78,
   29.5,
   0.93,
   24.76,
   29.79,
   30.29
  ],
  [
   30.12,
   30.04,
   30.49,
   30.72,
   30.84,
   30.89,
   25.44,
   0.92,
   29.41,
   30.0
  ],
  [
   30.64,
   30.06,
   29.62,
   30.55,
   30.67,
   30.92,
   29.62,
   29.51,
   0.92,
   29.91
  ],
  [
   29.72,
   29.13,
   29.77,
   30.13,
   30.44,
   30.55,
   30.54,
   30.1,
   29.95,
   0.93
  ]
 ],
 "chain_ptm": [
  0.09,
  0.09,
  0.09,
  0.09,
  0.09,
  0.09,
  0.09,
  0.09,
  0.09,
  0.09
 ],
 "fraction_disordered": 0.0,
 "has_clash": 0.0,
 "iptm": 0.11,
 "num_recycles": 10.0,
 "ptm": 0.13,
 "ranking_score": 0.12
}