{
 "chain_iptm": [
  0.04,
  0.04,
  0.04,
  0.04,
  0.03,
  0.04,
  0.03,
  0.04,
  0.03,
  0.03
 ],
 "chain_pair_iptm": [
  [
   0.09,
   0.05,
   0.04,
   0.03,
   0.03,
   0.03,
   0.04,
   0.03,
   0.03,
   0.03
  ],
  [
   0.05,
   0.09,
   0.04,
   0.03,
   0.03,
   0.03,
   0.03,
   0.03,
   0.03,
   0.03
  ],
  [
   0.04,
   0.04,
   0.09,
   0.05,
   0.03,
   0.03,
   0.03,
   0.03,
   0.03,
   0.03
  ],
  [
   0.03,
   0.03,
   0.05,
   0.09,
   0.03,
   0.03,
   0.03,
   0.03,
   0.03,
   0.04
  ],
  [
   0.03,
   0.03,
   0.03,
   0.03,
   0.09,
   0.04,
   0.04,
   0.03,
   0.03,
   0.03
  ],
  [
   0.03,
   0.03,
   0.03,
   0.03,
   0.04,
   0.09,
   0.03,
   0.04,
   0.04,
   0.04
  ],
  [
   0.04,
   0.03,
   0.03,
   0.03,
   0.04,
   0.03,
   0.09,
   0.04,
   0.03,
   0.03
  ],
  [
   0.03,
   0.03,
   0.03,
   0.03,
   0.03,
   0.04,
   0.04,
   0.09,
   0.04,
   0.04
  ],
  [
   0.03,
   0.03,
   0.03,
   0.03,
   0.03,
   0.04,
   0.03,
   0.04,
   0.09,
   0.04
  ],
  [
   0.03,
   0.03,
   0.03,
   0.04,
   0.03,
   0.04,
   0.03,
   0.04,
   0.04,
   0.09
  ]
 ],
 "chain_pair_pae_min": [
  [
   0.94,
   21.02,
   29.35,
   29.89,
   29.55,
   30.23,
   29.04,
   30.45,
   30.81,
   30.7
  ],
  [
   20.98,
   0.95,
   28.85,
   29.39,
   29.62,
   30.26,
   29.25,
   30.47,
   30.81,
   30.65
  ],
  [
   29.27,
   28.85,
   0.94,
   23.65,
   30.61,
   30.05,
   30.31,
   30.26,
   30.22,
   29.37
  ],
  [
   29.9,
   29.62,
   24.11,
   0.93,
   30.7,
   29.68,
   30.3,
   29.66,
   29.66,
   29.0
  ],
  [
   29.53,
   29.74,
   30.64,
   30.52,
   0.94,
   27.12,
   25.83,
   29.22,
   29.65,
   30.33
  ],
  [
   30.37,
   30.5,
   30.25,
   29.41,
   27.43,
   0.93,
   29.47,
   27.58,
   27.55,
   27.99
  ],
  [
   29.37,
   29.45,
   30.34,
   30.29,
   26.2,
   29.47,
   0.93,
   28.05,
   29.74,
   30.86
  ],
  [
   30.55,
   30.6,
   30.22,
   29.76,
   29.32,
   27.9,
   28.67,
   0.93,
   26.1,
   28.12
  ],
  [
   30.79,
   30.81,
   30.61,
   29.94,
   29.63,
   27.51,
   29.97,
   26.45,
   0.93,
   28.77
  ],
  [
   30.84,
   30.69,
   29.97,
   28.92,
   30.39,
   27.63,
   30.85,
   28.11,
   29.04,
   0.93
  ]
 ],
 "chain_ptm": [
  0.09,
  0.09,
  0.09,
  0.09,
  0.09,
  0.09,
  0.09,
  0.09,
  0.09,
  0.09
 ],
 "fraction_disordered": 0.0,
 "has_clash": 0.0,
 "iptm": 0.12,
 "num_recycles": 10.0,
 "ptm": 0.13,
 "ranking_score": 0.12
}