{
 "chain_iptm": [
  0.03,
  0.03,
  0.03,
  0.03,
  0.03,
  0.03,
  0.03,
  0.03,
  0.03,
  0.03
 ],
 "chain_pair_iptm": [
  [
   0.1,
   0.04,
   0.03,
   0.04,
   0.03,
   0.03,
   0.03,
   0.03,
   0.03,
   0.03
  ],
  [
   0.04,
   0.1,
   0.04,
   0.03,
   0.03,
   0.03,
   0.03,
   0.03,
   0.03,
   0.03
  ],
  [
   0.03,
   0.04,
   0.1,
   0.03,
   0.03,
   0.03,
   0.03,
   0.04,
   0.03,
   0.03
  ],
  [
   0.04,
   0.03,
   0.03,
   0.1,
   0.04,
   0.03,
   0.03,
   0.03,
   0.03,
   0.03
  ],
  [
   0.03,
   0.03,
   0.03,
   0.04,
   0.1,
   0.03,
   0.04,
   0.03,
   0.03,
   0.03
  ],
  [
   0.03,
   0.03,
   0.03,
   0.03,
   0.03,
   0.1,
   0.04,
   0.03,
   0.03,
   0.04
  ],
  [
   0.03,
   0.03,
   0.03,
   0.03,
   0.04,
   0.04,
   0.1,
   0.03,
   0.03,
   0.03
  ],
  [
   0.03,
   0.03,
   0.04,
   0.03,
   0.03,
   0.03,
   0.03,
   0.1,
   0.04,
   0.03
  ],
  [
   0.03,
   0.03,
   0.03,
   0.03,
   0.03,
   0.03,
   0.03,
   0.04,
   0.1,
   0.04
  ],
  [
   0.03,
   0.03,
   0.03,
   0.03,
   0.03,
   0.04,
   0.03,
   0.03,
   0.04,
   0.11
  ]
 ],
 "chain_pair_pae_min": [
  [
   0.91,
   26.84,
   29.37,
   28.68,
   29.73,
   30.47,
   30.33,
   30.4,
   30.62,
   30.85
  ],
  [
   27.15,
   0.92,
   28.01,
   29.7,
   30.19,
   30.56,
   30.58,
   30.12,
   30.53,
   30.78
  ],
  [
   29.23,
   27.8,
   0.92,
   30.13,
   30.52,
   30.74,
   30.84,
   29.12,
   30.13,
   30.5
  ],
  [
   29.08,
   29.82,
   30.43,
   0.92,
   26.68,
   30.03,
   29.65,
   30.8,
   30.96,
   30.72
  ],
  [
   29.84,
   30.26,
   30.31,
   27.26,
   0.92,
   29.76,
   28.69,
   30.97,
   30.86,
   30.65
  ],
  [
   30.45,
   30.4,
   30.64,
   30.01,
   29.68,
   0.91,
   28.41,
   30.34,
   30.05,
   29.39
  ],
  [
   30.31,
   30.24,
   30.54,
   29.78,
   28.56,
   28.63,
   0.91,
   30.89,
   30.46,
   30.14
  ],
  [
   30.08,
   29.87,
   29.13,
   30.38,
   30.36,
   30.18,
   30.68,
   0.91,
   28.2,
   30.07
  ],
  [
   30.4,
   30.22,
   29.87,
   30.47,
   30.03,
   30.03,
   30.54,
   28.06,
   0.91,
   28.36
  ],
  [
   30.53,
   30.41,
   30.18,
   30.57,
   30.25,
   29.38,
   30.13,
   29.75,
   28.57,
   0.91
  ]
 ],
 "chain_ptm": [
  0.1,
  0.1,
  0.1,
  0.1,
  0.1,
  0.1,
  0.1,
  0.1,
  0.1,
  0.11
 ],
 "fraction_disordered": 0.0,
 "has_clash": 0.0,
 "iptm": 0.11,
 "num_recycles": 10.0,
 "ptm": 0.13,
 "ranking_score": 0.12
}