{
 "chain_iptm": [
  0.03,
  0.03,
  0.03,
  0.03,
  0.03,
  0.03,
  0.03,
  0.03,
  0.03,
  0.03
 ],
 "chain_pair_iptm": [
  [
   0.1,
   0.04,
   0.03,
   0.04,
   0.03,
   0.03,
   0.03,
   0.03,
   0.03,
   0.03
  ],
  [
   0.04,
   0.1,
   0.04,
   0.03,
   0.03,
   0.03,
   0.03,
   0.03,
   0.03,
   0.03
  ],
  [
   0.03,
   0.04,
   0.1,
   0.03,
   0.03,
   0.03,
   0.04,
   0.03,
   0.03,
   0.03
  ],
  [
   0.04,
   0.03,
   0.03,
   0.1,
   0.04,
   0.04,
   0.03,
   0.03,
   0.03,
   0.03
  ],
  [
   0.03,
   0.03,
   0.03,
   0.04,
   0.1,
   0.04,
   0.03,
   0.03,
   0.03,
   0.03
  ],
  [
   0.03,
   0.03,
   0.03,
   0.04,
   0.04,
   0.1,
   0.03,
   0.03,
   0.03,
   0.04
  ],
  [
   0.03,
   0.03,
   0.04,
   0.03,
   0.03,
   0.03,
   0.1,
   0.04,
   0.03,
   0.03
  ],
  [
   0.03,
   0.03,
   0.03,
   0.03,
   0.03,
   0.03,
   0.04,
   0.1,
   0.04,
   0.03
  ],
  [
   0.03,
   0.03,
   0.03,
   0.03,
   0.03,
   0.03,
   0.03,
   0.04,
   0.1,
   0.04
  ],
  [
   0.03,
   0.03,
   0.03,
   0.03,
   0.03,
   0.04,
   0.03,
   0.03,
   0.04,
   0.1
  ]
 ],
 "chain_pair_pae_min": [
  [
   0.91,
   26.32,
   29.44,
   28.48,
   29.81,
   30.44,
   30.43,
   30.89,
   30.99,
   30.91
  ],
  [
   26.55,
   0.92,
   27.42,
   29.8,
   30.48,
   30.73,
   30.12,
   30.67,
   30.98,
   31.03
  ],
  [
   29.25,
   26.96,
   0.92,
   30.47,
   30.65,
   30.91,
   28.94,
   30.11,
   30.73,
   30.97
  ],
  [
   28.77,
   29.97,
   30.47,
   0.92,
   26.87,
   29.37,
   30.87,
   30.9,
   30.76,
   30.6
  ],
  [
   29.88,
   30.45,
   30.69,
   27.32,
   0.91,
   26.63,
   30.95,
   30.89,
   30.58,
   30.12
  ],
  [
   30.25,
   30.68,
   30.88,
   29.55,
   26.72,
   0.91,
   30.83,
   30.61,
   30.0,
   28.99
  ],
  [
   30.44,
   29.89,
   28.71,
   30.74,
   30.85,
   30.85,
   0.91,
   27.88,
   30.05,
   30.72
  ],
  [
   30.59,
   30.46,
   29.94,
   30.87,
   30.92,
   30.71,
   27.67,
   0.91,
   28.34,
   30.08
  ],
  [
   30.72,
   30.58,
   30.53,
   30.75,
   30.34,
   29.96,
   29.84,
   28.2,
   0.91,
   27.82
  ],
  [
   30.65,
   30.68,
   30.72,
   30.58,
   30.08,
   29.18,
   30.58,
   29.98,
   28.0,
   0.9
  ]
 ],
 "chain_ptm": [
  0.1,
  0.1,
  0.1,
  0.1,
  0.1,
  0.1,
  0.1,
  0.1,
  0.1,
  0.1
 ],
 "fraction_disordered": 0.0,
 "has_clash": 0.0,
 "iptm": 0.11,
 "num_recycles": 10.0,
 "ptm": 0.13,
 "ranking_score": 0.12
}