{
 "chain_iptm": [
  0.03,
  0.03,
  0.03,
  0.03,
  0.03,
  0.03,
  0.03,
  0.03,
  0.03,
  0.03
 ],
 "chain_pair_iptm": [
  [
   0.1,
   0.04,
   0.03,
   0.03,
   0.03,
   0.03,
   0.03,
   0.03,
   0.03,
   0.03
  ],
  [
   0.04,
   0.1,
   0.03,
   0.03,
   0.04,
   0.03,
   0.03,
   0.03,
   0.03,
   0.03
  ],
  [
   0.03,
   0.03,
   0.1,
   0.03,
   0.04,
   0.03,
   0.03,
   0.03,
   0.03,
   0.03
  ],
  [
   0.03,
   0.03,
   0.03,
   0.1,
   0.03,
   0.03,
   0.03,
   0.03,
   0.03,
   0.03
  ],
  [
   0.03,
   0.04,
   0.04,
   0.03,
   0.1,
   0.03,
   0.03,
   0.03,
   0.03,
   0.03
  ],
  [
   0.03,
   0.03,
   0.03,
   0.03,
   0.03,
   0.1,
   0.03,
   0.03,
   0.03,
   0.03
  ],
  [
   0.03,
   0.03,
   0.03,
   0.03,
   0.03,
   0.03,
   0.1,
   0.04,
   0.03,
   0.03
  ],
  [
   0.03,
   0.03,
   0.03,
   0.03,
   0.03,
   0.03,
   0.04,
   0.1,
   0.03,
   0.04
  ],
  [
   0.03,
   0.03,
   0.03,
   0.03,
   0.03,
   0.03,
   0.03,
   0.03,
   0.11,
   0.03
  ],
  [
   0.03,
   0.03,
   0.03,
   0.03,
   0.03,
   0.03,
   0.03,
   0.04,
   0.03,
   0.11
  ]
 ],
 "chain_pair_pae_min": [
  [
   0.92,
   28.61,
   30.61,
   30.94,
   29.73,
   30.95,
   29.74,
   29.79,
   31.02,
   30.66
  ],
  [
   28.82,
   0.92,
   30.27,
   30.59,
   28.68,
   30.88,
   29.68,
   30.71,
   30.96,
   31.03
  ],
  [
   30.58,
   30.04,
   0.92,
   28.58,
   29.48,
   29.9,
   30.92,
   30.89,
   30.37,
   30.98
  ],
  [
   30.95,
   30.46,
   28.55,
   0.91,
   29.69,
   30.43,
   30.75,
   30.9,
   30.39,
   30.9
  ],
  [
   29.99,
   28.63,
   29.5,
   29.9,
   0.91,
   30.81,
   30.37,
   30.88,
   30.87,
   31.05
  ],
  [
   30.95,
   30.91,
   30.0,
   30.47,
   30.69,
   0.91,
   30.89,
   30.67,
   29.76,
   30.18
  ],
  [
   29.68,
   29.73,
   30.91,
   30.71,
   30.36,
   31.02,
   0.91,
   29.34,
   30.84,
   30.26
  ],
  [
   29.89,
   30.67,
   30.98,
   30.99,
   30.89,
   30.73,
   29.44,
   0.91,
   30.54,
   28.98
  ],
  [
   30.92,
   30.89,
   30.26,
   30.06,
   30.92,
   29.84,
   30.8,
   30.58,
   0.9,
   29.72
  ],
  [
   30.62,
   30.73,
   30.87,
   30.84,
   30.93,
   30.2,
   30.41,
   29.36,
   29.85,
   0.91
  ]
 ],
 "chain_ptm": [
  0.1,
  0.1,
  0.1,
  0.1,
  0.1,
  0.1,
  0.1,
  0.1,
  0.11,
  0.11
 ],
 "fraction_disordered": 0.0,
 "has_clash": 0.0,
 "iptm": 0.11,
 "num_recycles": 10.0,
 "ptm": 0.13,
 "ranking_score": 0.12
}