{
 "chain_iptm": [
  0.03,
  0.03,
  0.03,
  0.03,
  0.03,
  0.03,
  0.03,
  0.03,
  0.03,
  0.03
 ],
 "chain_pair_iptm": [
  [
   0.1,
   0.03,
   0.03,
   0.04,
   0.03,
   0.03,
   0.03,
   0.03,
   0.03,
   0.03
  ],
  [
   0.03,
   0.1,
   0.03,
   0.04,
   0.03,
   0.03,
   0.03,
   0.03,
   0.03,
   0.03
  ],
  [
   0.03,
   0.03,
   0.1,
   0.03,
   0.03,
   0.03,
   0.03,
   0.03,
   0.03,
   0.03
  ],
  [
   0.04,
   0.04,
   0.03,
   0.1,
   0.03,
   0.03,
   0.03,
   0.03,
   0.03,
   0.03
  ],
  [
   0.03,
   0.03,
   0.03,
   0.03,
   0.1,
   0.03,
   0.03,
   0.03,
   0.03,
   0.03
  ],
  [
   0.03,
   0.03,
   0.03,
   0.03,
   0.03,
   0.1,
   0.04,
   0.03,
   0.04,
   0.03
  ],
  [
   0.03,
   0.03,
   0.03,
   0.03,
   0.03,
   0.04,
   0.1,
   0.04,
   0.03,
   0.03
  ],
  [
   0.03,
   0.03,
   0.03,
   0.03,
   0.03,
   0.03,
   0.04,
   0.1,
   0.03,
   0.03
  ],
  [
   0.03,
   0.03,
   0.03,
   0.03,
   0.03,
   0.04,
   0.03,
   0.03,
   0.1,
   0.03
  ],
  [
   0.03,
   0.03,
   0.03,
   0.03,
   0.03,
   0.03,
   0.03,
   0.03,
   0.03,
   0.11
  ]
 ],
 "chain_pair_pae_min": [
  [
   0.92,
   29.93,
   29.63,
   29.57,
   30.43,
   30.94,
   30.96,
   30.98,
   30.95,
   30.92
  ],
  [
   29.74,
   0.92,
   30.99,
   27.89,
   31.0,
   30.4,
   30.78,
   30.98,
   30.13,
   31.03
  ],
  [
   29.56,
   30.92,
   0.92,
   30.67,
   29.68,
   30.91,
   30.91,
   30.85,
   31.0,
   30.74
  ],
  [
   29.52,
   28.41,
   30.7,
   0.92,
   30.91,
   30.56,
   30.97,
   30.97,
   30.21,
   31.07
  ],
  [
   30.29,
   30.94,
   29.83,
   30.72,
   0.91,
   30.91,
   30.89,
   30.47,
   30.98,
   29.73
  ],
  [
   30.99,
   30.34,
   30.99,
   30.63,
   31.05,
   0.91,
   28.62,
   30.18,
   29.67,
   30.96
  ],
  [
   30.94,
   30.79,
   31.0,
   30.94,
   31.01,
   28.59,
   0.91,
   28.98,
   30.35,
   30.61
  ],
  [
   30.95,
   30.96,
   30.94,
   30.95,
   30.56,
   30.12,
   28.95,
   0.91,
   30.85,
   29.7
  ],
  [
   30.89,
   30.31,
   30.97,
   30.17,
   30.99,
   29.56,
   30.13,
   30.94,
   0.91,
   31.06
  ],
  [
   30.8,
   30.9,
   30.78,
   30.77,
   29.76,
   30.87,
   30.54,
   29.69,
   31.03,
   0.9
  ]
 ],
 "chain_ptm": [
  0.1,
  0.1,
  0.1,
  0.1,
  0.1,
  0.1,
  0.1,
  0.1,
  0.1,
  0.11
 ],
 "fraction_disordered": 0.0,
 "has_clash": 0.0,
 "iptm": 0.11,
 "num_recycles": 10.0,
 "ptm": 0.13,
 "ranking_score": 0.12
}