{
 "chain_iptm": [
  0.03,
  0.03,
  0.03,
  0.03,
  0.03,
  0.03,
  0.03,
  0.03,
  0.03,
  0.03
 ],
 "chain_pair_iptm": [
  [
   0.1,
   0.04,
   0.04,
   0.03,
   0.03,
   0.03,
   0.03,
   0.03,
   0.03,
   0.03
  ],
  [
   0.04,
   0.1,
   0.04,
   0.03,
   0.03,
   0.03,
   0.03,
   0.03,
   0.03,
   0.03
  ],
  [
   0.04,
   0.04,
   0.1,
   0.04,
   0.03,
   0.03,
   0.03,
   0.03,
   0.03,
   0.03
  ],
  [
   0.03,
   0.03,
   0.04,
   0.1,
   0.03,
   0.03,
   0.03,
   0.03,
   0.03,
   0.03
  ],
  [
   0.03,
   0.03,
   0.03,
   0.03,
   0.1,
   0.03,
   0.03,
   0.04,
   0.03,
   0.03
  ],
  [
   0.03,
   0.03,
   0.03,
   0.03,
   0.03,
   0.09,
   0.04,
   0.03,
   0.03,
   0.03
  ],
  [
   0.03,
   0.03,
   0.03,
   0.03,
   0.03,
   0.04,
   0.1,
   0.03,
   0.03,
   0.03
  ],
  [
   0.03,
   0.03,
   0.03,
   0.03,
   0.04,
   0.03,
   0.03,
   0.11,
   0.04,
   0.03
  ],
  [
   0.03,
   0.03,
   0.03,
   0.03,
   0.03,
   0.03,
   0.03,
   0.04,
   0.1,
   0.04
  ],
  [
   0.03,
   0.03,
   0.03,
   0.03,
   0.03,
   0.03,
   0.03,
   0.03,
   0.04,
   0.11
  ]
 ],
 "chain_pair_pae_min": [
  [
   0.91,
   25.71,
   29.67,
   29.93,
   30.74,
   30.75,
   30.94,
   30.82,
   30.54,
   30.12
  ],
  [
   25.55,
   0.91,
   29.62,
   29.93,
   30.92,
   30.8,
   30.96,
   30.9,
   30.52,
   30.14
  ],
  [
   29.18,
   29.44,
   0.92,
   26.67,
   30.76,
   30.4,
   30.38,
   30.96,
   30.94,
   30.52
  ],
  [
   29.94,
   29.92,
   26.5,
   0.91,
   30.57,
   29.86,
   29.97,
   30.96,
   30.98,
   30.79
  ],
  [
   30.84,
   30.66,
   30.76,
   30.5,
   0.91,
   29.67,
   29.77,
   29.44,
   30.11,
   30.43
  ],
  [
   30.67,
   30.33,
   30.15,
   29.49,
   29.77,
   0.92,
   26.57,
   30.53,
   30.83,
   30.94
  ],
  [
   30.64,
   30.37,
   30.17,
   29.78,
   29.87,
   27.16,
   0.9,
   30.68,
   30.89,
   30.97
  ],
  [
   30.32,
   30.06,
   30.83,
   30.81,
   29.5,
   29.92,
   30.37,
   0.91,
   29.16,
   29.95
  ],
  [
   30.48,
   30.04,
   30.64,
   30.85,
   29.92,
   30.31,
   30.73,
   29.24,
   0.91,
   29.19
  ],
  [
   30.05,
   29.98,
   30.26,
   30.68,
   30.06,
   30.66,
   30.91,
   29.86,
   29.43,
   0.9
  ]
 ],
 "chain_ptm": [
  0.1,
  0.1,
  0.1,
  0.1,
  0.1,
  0.09,
  0.1,
  0.11,
  0.1,
  0.11
 ],
 "fraction_disordered": 0.0,
 "has_clash": 0.0,
 "iptm": 0.11,
 "num_recycles": 10.0,
 "ptm": 0.13,
 "ranking_score": 0.12
}