{
 "chain_iptm": [
  0.03,
  0.03,
  0.04,
  0.04,
  0.03,
  0.03,
  0.04,
  0.04,
  0.03,
  0.03
 ],
 "chain_pair_iptm": [
  [
   0.09,
   0.04,
   0.03,
   0.03,
   0.04,
   0.04,
   0.03,
   0.04,
   0.03,
   0.03
  ],
  [
   0.04,
   0.09,
   0.04,
   0.03,
   0.03,
   0.03,
   0.03,
   0.03,
   0.03,
   0.03
  ],
  [
   0.03,
   0.04,
   0.09,
   0.04,
   0.03,
   0.03,
   0.04,
   0.03,
   0.03,
   0.04
  ],
  [
   0.03,
   0.03,
   0.04,
   0.09,
   0.04,
   0.04,
   0.03,
   0.03,
   0.04,
   0.03
  ],
  [
   0.04,
   0.03,
   0.03,
   0.04,
   0.09,
   0.04,
   0.03,
   0.03,
   0.03,
   0.03
  ],
  [
   0.04,
   0.03,
   0.03,
   0.04,
   0.04,
   0.09,
   0.03,
   0.03,
   0.03,
   0.03
  ],
  [
   0.03,
   0.03,
   0.04,
   0.03,
   0.03,
   0.03,
   0.09,
   0.04,
   0.03,
   0.03
  ],
  [
   0.04,
   0.03,
   0.03,
   0.03,
   0.03,
   0.03,
   0.04,
   0.09,
   0.04,
   0.03
  ],
  [
   0.03,
   0.03,
   0.03,
   0.04,
   0.03,
   0.03,
   0.03,
   0.04,
   0.09,
   0.03
  ],
  [
   0.03,
   0.03,
   0.04,
   0.03,
   0.03,
   0.03,
   0.03,
   0.03,
   0.03,
   0.1
  ]
 ],
 "chain_pair_pae_min": [
  [
   0.92,
   29.27,
   29.61,
   29.51,
   29.64,
   29.71,
   29.87,
   28.08,
   29.64,
   29.89
  ],
  [
   29.31,
   0.92,
   27.76,
   29.7,
   28.52,
   28.86,
   29.37,
   29.54,
   29.85,
   29.89
  ],
  [
   29.62,
   27.64,
   0.91,
   24.97,
   29.89,
   30.32,
   28.35,
   29.3,
   30.13,
   28.87
  ],
  [
   29.71,
   29.75,
   25.17,
   0.91,
   28.7,
   29.02,
   30.12,
   29.73,
   28.9,
   29.97
  ],
  [
   29.88,
   28.67,
   29.89,
   28.8,
   0.91,
   25.93,
   30.29,
   29.86,
   29.54,
   30.3
  ],
  [
   29.77,
   29.18,
   30.6,
   28.83,
   24.7,
   0.91,
   29.83,
   29.96,
   29.8,
   30.31
  ],
  [
   29.74,
   29.73,
   28.51,
   30.05,
   30.34,
   29.19,
   0.91,
   27.19,
   29.05,
   29.13
  ],
  [
   28.15,
   29.96,
   29.96,
   30.17,
   30.08,
   30.11,
   27.3,
   0.91,
   26.12,
   29.49
  ],
  [
   30.07,
   30.3,
   30.18,
   29.27,
   29.87,
   30.02,
   28.41,
   26.79,
   0.91,
   30.02
  ],
  [
   30.32,
   30.21,
   29.28,
   29.9,
   30.53,
   30.16,
   29.24,
   29.43,
   29.61,
   0.91
  ]
 ],
 "chain_ptm": [
  0.09,
  0.09,
  0.09,
  0.09,
  0.09,
  0.09,
  0.09,
  0.09,
  0.09,
  0.1
 ],
 "fraction_disordered": 0.0,
 "has_clash": 0.0,
 "iptm": 0.12,
 "num_recycles": 10.0,
 "ptm": 0.13,
 "ranking_score": 0.12
}