{
 "chain_iptm": [
  0.04,
  0.04,
  0.04,
  0.04,
  0.04,
  0.04,
  0.04,
  0.04,
  0.04,
  0.04
 ],
 "chain_pair_iptm": [
  [
   0.09,
   0.04,
   0.04,
   0.04,
   0.04,
   0.04,
   0.04,
   0.04,
   0.04,
   0.04
  ],
  [
   0.04,
   0.09,
   0.04,
   0.04,
   0.04,
   0.04,
   0.04,
   0.04,
   0.04,
   0.04
  ],
  [
   0.04,
   0.04,
   0.09,
   0.04,
   0.04,
   0.04,
   0.04,
   0.04,
   0.04,
   0.04
  ],
  [
   0.04,
   0.04,
   0.04,
   0.09,
   0.04,
   0.04,
   0.04,
   0.04,
   0.04,
   0.04
  ],
  [
   0.04,
   0.04,
   0.04,
   0.04,
   0.09,
   0.04,
   0.04,
   0.04,
   0.04,
   0.04
  ],
  [
   0.04,
   0.04,
   0.04,
   0.04,
   0.04,
   0.09,
   0.06,
   0.04,
   0.04,
   0.04
  ],
  [
   0.04,
   0.04,
   0.04,
   0.04,
   0.04,
   0.06,
   0.09,
   0.04,
   0.04,
   0.04
  ],
  [
   0.04,
   0.04,
   0.04,
   0.04,
   0.04,
   0.04,
   0.04,
   0.1,
   0.04,
   0.04
  ],
  [
   0.04,
   0.04,
   0.04,
   0.04,
   0.04,
   0.04,
   0.04,
   0.04,
   0.1,
   0.04
  ],
  [
   0.04,
   0.04,
   0.04,
   0.04,
   0.04,
   0.04,
   0.04,
   0.04,
   0.04,
   0.1
  ]
 ],
 "chain_pair_pae_min": [
  [
   0.93,
   26.56,
   25.88,
   26.72,
   25.66,
   26.12,
   28.05,
   27.18,
   28.79,
   27.37
  ],
  [
   26.9,
   0.92,
   28.59,
   25.88,
   27.05,
   28.64,
   26.16,
   28.3,
   28.06,
   28.44
  ],
  [
   24.68,
   28.64,
   0.92,
   28.72,
   27.32,
   26.71,
   27.83,
   25.87,
   29.42,
   28.69
  ],
  [
   26.61,
   26.43,
   28.87,
   0.92,
   24.15,
   27.89,
   26.46,
   28.29,
   27.66,
   29.41
  ],
  [
   25.4,
   26.78,
   27.39,
   24.62,
   0.92,
   25.82,
   26.48,
   27.61,
   27.84,
   28.82
  ],
  [
   25.45,
   28.52,
   26.33,
   27.79,
   24.87,
   0.91,
   20.5,
   26.69,
   27.11,
   29.44
  ],
  [
   28.1,
   26.3,
   27.77,
   26.34,
   26.2,
   20.61,
   0.92,
   26.57,
   28.0,
   27.45
  ],
  [
   26.49,
   28.24,
   26.3,
   28.44,
   27.04,
   26.99,
   25.85,
   0.92,
   25.37,
   27.83
  ],
  [
   28.43,
   28.29,
   29.7,
   27.25,
   27.17,
   27.0,
   28.23,
   25.69,
   0.92,
   25.11
  ],
  [
   28.08,
   28.22,
   29.21,
   29.53,
   29.31,
   28.52,
   27.38,
   28.22,
   25.82,
   0.91
  ]
 ],
 "chain_ptm": [
  0.09,
  0.09,
  0.09,
  0.09,
  0.09,
  0.09,
  0.09,
  0.1,
  0.1,
  0.1
 ],
 "fraction_disordered": 0.0,
 "has_clash": 0.0,
 "iptm": 0.12,
 "num_recycles": 10.0,
 "ptm": 0.13,
 "ranking_score": 0.12
}