{
 "chain_iptm": [
  0.03,
  0.03,
  0.03,
  0.03,
  0.03,
  0.03,
  0.03,
  0.03,
  0.03,
  0.03
 ],
 "chain_pair_iptm": [
  [
   0.09,
   0.03,
   0.03,
   0.04,
   0.03,
   0.03,
   0.03,
   0.04,
   0.03,
   0.03
  ],
  [
   0.03,
   0.09,
   0.04,
   0.04,
   0.04,
   0.03,
   0.03,
   0.03,
   0.03,
   0.03
  ],
  [
   0.03,
   0.04,
   0.09,
   0.04,
   0.03,
   0.03,
   0.03,
   0.03,
   0.03,
   0.03
  ],
  [
   0.04,
   0.04,
   0.04,
   0.09,
   0.03,
   0.03,
   0.03,
   0.03,
   0.03,
   0.03
  ],
  [
   0.03,
   0.04,
   0.03,
   0.03,
   0.09,
   0.03,
   0.03,
   0.03,
   0.03,
   0.03
  ],
  [
   0.03,
   0.03,
   0.03,
   0.03,
   0.03,
   0.09,
   0.04,
   0.03,
   0.03,
   0.03
  ],
  [
   0.03,
   0.03,
   0.03,
   0.03,
   0.03,
   0.04,
   0.09,
   0.03,
   0.03,
   0.03
  ],
  [
   0.04,
   0.03,
   0.03,
   0.03,
   0.03,
   0.03,
   0.03,
   0.09,
   0.04,
   0.03
  ],
  [
   0.03,
   0.03,
   0.03,
   0.03,
   0.03,
   0.03,
   0.03,
   0.04,
   0.09,
   0.04
  ],
  [
   0.03,
   0.03,
   0.03,
   0.03,
   0.03,
   0.03,
   0.03,
   0.03,
   0.04,
   0.1
  ]
 ],
 "chain_pair_pae_min": [
  [
   0.92,
   28.69,
   29.57,
   27.81,
   29.73,
   30.11,
   29.76,
   29.61,
   29.94,
   29.66
  ],
  [
   28.93,
   0.92,
   28.3,
   28.85,
   28.41,
   29.77,
   29.41,
   29.88,
   29.83,
   29.95
  ],
  [
   29.63,
   28.46,
   0.91,
   28.64,
   27.95,
   29.64,
   30.17,
   29.65,
   30.25,
   29.52
  ],
  [
   27.59,
   28.72,
   28.8,
   0.91,
   29.72,
   29.54,
   29.59,
   30.08,
   30.12,
   29.71
  ],
  [
   29.88,
   28.53,
   28.18,
   29.53,
   0.9,
   29.38,
   29.12,
   29.43,
   28.67,
   30.04
  ],
  [
   30.31,
   29.75,
   29.64,
   29.91,
   29.3,
   0.91,
   28.82,
   28.98,
   29.66,
   30.08
  ],
  [
   29.98,
   29.39,
   30.07,
   29.71,
   29.43,
   28.61,
   0.91,
   29.58,
   29.14,
   30.16
  ],
  [
   29.86,
   29.72,
   29.77,
   30.28,
   29.68,
   29.3,
   29.69,
   0.91,
   29.29,
   29.61
  ],
  [
   30.03,
   29.82,
   30.03,
   30.2,
   28.89,
   29.66,
   29.43,
   28.75,
   0.91,
   27.73
  ],
  [
   29.79,
   29.93,
   29.74,
   29.35,
   29.94,
   30.1,
   30.3,
   29.78,
   27.6,
   0.9
  ]
 ],
 "chain_ptm": [
  0.09,
  0.09,
  0.09,
  0.09,
  0.09,
  0.09,
  0.09,
  0.09,
  0.09,
  0.1
 ],
 "fraction_disordered": 0.0,
 "has_clash": 0.0,
 "iptm": 0.12,
 "num_recycles": 10.0,
 "ptm": 0.13,
 "ranking_score": 0.12
}