{
 "chain_iptm": [
  0.03,
  0.04,
  0.04,
  0.03,
  0.03,
  0.04,
  0.03,
  0.03,
  0.03,
  0.03
 ],
 "chain_pair_iptm": [
  [
   0.09,
   0.04,
   0.03,
   0.04,
   0.03,
   0.03,
   0.03,
   0.04,
   0.03,
   0.03
  ],
  [
   0.04,
   0.08,
   0.04,
   0.03,
   0.03,
   0.03,
   0.03,
   0.03,
   0.03,
   0.03
  ],
  [
   0.03,
   0.04,
   0.09,
   0.03,
   0.03,
   0.04,
   0.03,
   0.03,
   0.04,
   0.03
  ],
  [
   0.04,
   0.03,
   0.03,
   0.09,
   0.03,
   0.04,
   0.03,
   0.03,
   0.03,
   0.03
  ],
  [
   0.03,
   0.03,
   0.03,
   0.03,
   0.09,
   0.03,
   0.04,
   0.04,
   0.03,
   0.03
  ],
  [
   0.03,
   0.03,
   0.04,
   0.04,
   0.03,
   0.09,
   0.04,
   0.03,
   0.04,
   0.03
  ],
  [
   0.03,
   0.03,
   0.03,
   0.03,
   0.04,
   0.04,
   0.09,
   0.03,
   0.03,
   0.03
  ],
  [
   0.04,
   0.03,
   0.03,
   0.03,
   0.04,
   0.03,
   0.03,
   0.09,
   0.03,
   0.04
  ],
  [
   0.03,
   0.03,
   0.04,
   0.03,
   0.03,
   0.04,
   0.03,
   0.03,
   0.1,
   0.03
  ],
  [
   0.03,
   0.03,
   0.03,
   0.03,
   0.03,
   0.03,
   0.03,
   0.04,
   0.03,
   0.09
  ]
 ],
 "chain_pair_pae_min": [
  [
   0.91,
   26.74,
   29.85,
   28.22,
   29.0,
   29.64,
   29.47,
   28.0,
   29.87,
   29.89
  ],
  [
   27.1,
   0.92,
   25.01,
   29.22,
   29.38,
   29.65,
   29.99,
   28.98,
   30.22,
   29.79
  ],
  [
   29.79,
   23.93,
   0.91,
   29.4,
   27.34,
   29.09,
   28.9,
   29.78,
   29.69,
   30.09
  ],
  [
   28.36,
   29.47,
   29.59,
   0.91,
   29.01,
   28.16,
   29.99,
   29.55,
   29.56,
   29.93
  ],
  [
   29.11,
   29.71,
   27.36,
   29.03,
   0.91,
   27.94,
   29.57,
   29.31,
   30.4,
   30.11
  ],
  [
   29.44,
   29.83,
   29.7,
   28.2,
   28.23,
   0.91,
   24.86,
   30.08,
   29.28,
   30.04
  ],
  [
   29.82,
   29.98,
   29.03,
   30.11,
   29.31,
   25.06,
   0.91,
   30.06,
   30.13,
   30.62
  ],
  [
   28.17,
   28.98,
   30.06,
   29.47,
   29.25,
   30.08,
   30.03,
   0.91,
   29.74,
   28.71
  ],
  [
   29.4,
   30.4,
   30.06,
   29.68,
   30.22,
   29.45,
   29.93,
   29.99,
   0.91,
   30.13
  ],
  [
   29.62,
   29.64,
   30.41,
   29.72,
   30.22,
   30.05,
   30.7,
   28.97,
   29.66,
   0.91
  ]
 ],
 "chain_ptm": [
  0.09,
  0.08,
  0.09,
  0.09,
  0.09,
  0.09,
  0.09,
  0.09,
  0.1,
  0.09
 ],
 "fraction_disordered": 0.0,
 "has_clash": 0.0,
 "iptm": 0.12,
 "num_recycles": 10.0,
 "ptm": 0.13,
 "ranking_score": 0.12
}