{
 "chain_iptm": [
  0.03,
  0.03,
  0.03,
  0.03,
  0.03,
  0.03,
  0.03,
  0.03,
  0.03,
  0.03
 ],
 "chain_pair_iptm": [
  [
   0.09,
   0.04,
   0.04,
   0.03,
   0.03,
   0.03,
   0.03,
   0.03,
   0.03,
   0.03
  ],
  [
   0.04,
   0.09,
   0.04,
   0.03,
   0.03,
   0.03,
   0.03,
   0.03,
   0.03,
   0.03
  ],
  [
   0.04,
   0.04,
   0.09,
   0.03,
   0.03,
   0.03,
   0.03,
   0.03,
   0.03,
   0.03
  ],
  [
   0.03,
   0.03,
   0.03,
   0.09,
   0.03,
   0.04,
   0.03,
   0.03,
   0.03,
   0.03
  ],
  [
   0.03,
   0.03,
   0.03,
   0.03,
   0.09,
   0.04,
   0.03,
   0.03,
   0.03,
   0.03
  ],
  [
   0.03,
   0.03,
   0.03,
   0.04,
   0.04,
   0.09,
   0.03,
   0.03,
   0.03,
   0.04
  ],
  [
   0.03,
   0.03,
   0.03,
   0.03,
   0.03,
   0.03,
   0.09,
   0.04,
   0.03,
   0.03
  ],
  [
   0.03,
   0.03,
   0.03,
   0.03,
   0.03,
   0.03,
   0.04,
   0.09,
   0.04,
   0.03
  ],
  [
   0.03,
   0.03,
   0.03,
   0.03,
   0.03,
   0.03,
   0.03,
   0.04,
   0.09,
   0.04
  ],
  [
   0.03,
   0.03,
   0.03,
   0.03,
   0.03,
   0.04,
   0.03,
   0.03,
   0.04,
   0.1
  ]
 ],
 "chain_pair_pae_min": [
  [
   0.91,
   28.19,
   29.57,
   29.89,
   29.37,
   29.66,
   30.24,
   30.21,
   30.01,
   30.59
  ],
  [
   28.7,
   0.92,
   24.37,
   30.2,
   29.85,
   29.89,
   29.87,
   30.16,
   30.09,
   30.37
  ],
  [
   29.48,
   24.68,
   0.9,
   30.49,
   30.13,
   30.3,
   30.06,
   29.51,
   29.71,
   30.25
  ],
  [
   29.69,
   29.82,
   30.07,
   0.91,
   29.62,
   29.18,
   30.34,
   30.25,
   30.34,
   30.14
  ],
  [
   29.81,
   29.99,
   30.21,
   29.73,
   0.91,
   29.1,
   29.57,
   30.07,
   30.34,
   30.25
  ],
  [
   30.17,
   30.3,
   30.41,
   29.19,
   29.26,
   0.91,
   30.03,
   30.16,
   29.75,
   29.43
  ],
  [
   30.22,
   30.1,
   30.03,
   30.13,
   29.57,
   29.7,
   0.91,
   28.76,
   28.93,
   30.09
  ],
  [
   30.35,
   30.3,
   29.68,
   30.7,
   30.0,
   30.19,
   28.55,
   0.9,
   27.39,
   29.96
  ],
  [
   30.1,
   30.33,
   29.79,
   30.01,
   30.27,
   29.69,
   29.17,
   27.64,
   0.9,
   24.64
  ],
  [
   30.75,
   30.42,
   30.23,
   29.9,
   30.29,
   29.55,
   30.06,
   29.93,
   26.17,
   0.91
  ]
 ],
 "chain_ptm": [
  0.09,
  0.09,
  0.09,
  0.09,
  0.09,
  0.09,
  0.09,
  0.09,
  0.09,
  0.1
 ],
 "fraction_disordered": 0.0,
 "has_clash": 0.0,
 "iptm": 0.11,
 "num_recycles": 10.0,
 "ptm": 0.13,
 "ranking_score": 0.12
}