{
 "chain_iptm": [
  0.15,
  0.15,
  0.15,
  0.14,
  0.14,
  0.15,
  0.09,
  0.09,
  0.09,
  0.09,
  0.06,
  0.06
 ],
 "chain_pair_iptm": [
  [
   0.89,
   0.51,
   0.5,
   0.07,
   0.07,
   0.08,
   0.07,
   0.07,
   0.07,
   0.08,
   0.05,
   0.05
  ],
  [
   0.51,
   0.89,
   0.52,
   0.09,
   0.08,
   0.11,
   0.07,
   0.07,
   0.07,
   0.07,
   0.05,
   0.05
  ],
  [
   0.5,
   0.52,
   0.89,
   0.07,
   0.07,
   0.09,
   0.07,
   0.06,
   0.08,
   0.07,
   0.05,
   0.05
  ],
  [
   0.07,
   0.09,
   0.07,
   0.89,
   0.5,
   0.48,
   0.07,
   0.08,
   0.07,
   0.07,
   0.05,
   0.05
  ],
  [
   0.07,
   0.08,
   0.07,
   0.5,
   0.89,
   0.48,
   0.08,
   0.07,
   0.07,
   0.07,
   0.05,
   0.05
  ],
  [
   0.08,
   0.11,
   0.09,
   0.48,
   0.48,
   0.89,
   0.07,
   0.07,
   0.07,
   0.07,
   0.05,
   0.05
  ],
  [
   0.07,
   0.07,
   0.07,
   0.07,
   0.08,
   0.07,
   0.89,
   0.07,
   0.34,
   0.06,
   0.05,
   0.05
  ],
  [
   0.07,
   0.07,
   0.06,
   0.08,
   0.07,
   0.07,
   0.07,
   0.89,
   0.06,
   0.31,
   0.06,
   0.06
  ],
  [
   0.07,
   0.07,
   0.08,
   0.07,
   0.07,
   0.07,
   0.34,
   0.06,
   0.89,
   0.06,
   0.05,
   0.05
  ],
  [
   0.08,
   0.07,
   0.07,
   0.07,
   0.07,
   0.07,
   0.06,
   0.31,
   0.06,
   0.89,
   0.06,
   0.06
  ],
  [
   0.05,
   0.05,
   0.05,
   0.05,
   0.05,
   0.05,
   0.05,
   0.06,
   0.05,
   0.06,
   0.12,
   0.16
  ],
  [
   0.05,
   0.05,
   0.05,
   0.05,
   0.05,
   0.05,
   0.05,
   0.06,
   0.05,
   0.06,
   0.16,
   0.12
  ]
 ],
 "chain_pair_pae_min": [
  [
   0.76,
   8.84,
   9.88,
   28.52,
   29.4,
   26.99,
   30.07,
   30.0,
   29.46,
   28.45,
   29.53,
   29.58
  ],
  [
   9.12,
   0.76,
   9.42,
   27.16,
   28.05,
   24.86,
   29.9,
   30.12,
   29.46,
   29.74,
   29.89,
   30.08
  ],
  [
   9.58,
   9.33,
   0.76,
   28.42,
   29.31,
   26.94,
   29.36,
   30.4,
   27.93,
   29.68,
   29.29,
   29.58
  ],
  [
   29.57,
   27.12,
   28.89,
   0.76,
   9.38,
   10.93,
   28.81,
   27.88,
   30.41,
   29.78,
   29.69,
   29.69
  ],
  [
   29.93,
   27.0,
   29.06,
   9.64,
   0.76,
   9.61,
   27.04,
   29.11,
   29.4,
   30.36,
   29.68,
   29.47
  ],
  [
   28.4,
   25.34,
   27.76,
   10.69,
   10.19,
   0.76,
   28.47,
   28.97,
   29.86,
   30.18,
   29.89,
   29.78
  ],
  [
   30.27,
   30.13,
   29.46,
   29.04,
   27.04,
   28.16,
   0.76,
   29.68,
   14.23,
   30.14,
   31.08,
   31.06
  ],
  [
   30.14,
   30.27,
   30.62,
   27.75,
   28.89,
   29.31,
   29.89,
   0.76,
   30.16,
   17.57,
   27.11,
   26.15
  ],
  [
   29.44,
   29.68,
   28.18,
   30.15,
   29.15,
   29.71,
   14.13,
   29.72,
   0.76,
   30.05,
   31.02,
   31.05
  ],
  [
   28.32,
   29.51,
   29.83,
   29.56,
   30.15,
   30.05,
   29.97,
   15.69,
   29.72,
   0.76,
   27.92,
   28.29
  ],
  [
   30.48,
   30.75,
   30.29,
   30.58,
   30.78,
   30.74,
   31.43,
   27.91,
   31.47,
   29.13,
   0.82,
   2.99
  ],
  [
   30.47,
   30.74,
   30.47,
   30.69,
   30.78,
   30.75,
   31.43,
   27.98,
   31.46,
   29.33,
   2.94,
   0.82
  ]
 ],
 "chain_ptm": [
  0.89,
  0.89,
  0.89,
  0.89,
  0.89,
  0.89,
  0.89,
  0.89,
  0.89,
  0.89,
  0.12,
  0.12
 ],
 "fraction_disordered": 0.0,
 "has_clash": 0.0,
 "iptm": 0.29,
 "num_recycles": 10.0,
 "ptm": 0.35,
 "ranking_score": 0.3
}