{
 "chain_iptm": [
  0.14,
  0.14,
  0.15,
  0.14,
  0.15,
  0.14,
  0.09,
  0.09,
  0.09,
  0.09,
  0.06,
  0.06
 ],
 "chain_pair_iptm": [
  [
   0.89,
   0.51,
   0.49,
   0.07,
   0.08,
   0.07,
   0.07,
   0.06,
   0.07,
   0.07,
   0.05,
   0.05
  ],
  [
   0.51,
   0.89,
   0.5,
   0.07,
   0.08,
   0.07,
   0.07,
   0.07,
   0.07,
   0.07,
   0.05,
   0.05
  ],
  [
   0.49,
   0.5,
   0.89,
   0.08,
   0.1,
   0.08,
   0.06,
   0.06,
   0.07,
   0.07,
   0.05,
   0.05
  ],
  [
   0.07,
   0.07,
   0.08,
   0.89,
   0.5,
   0.48,
   0.07,
   0.07,
   0.07,
   0.07,
   0.05,
   0.05
  ],
  [
   0.08,
   0.08,
   0.1,
   0.5,
   0.89,
   0.5,
   0.07,
   0.07,
   0.07,
   0.07,
   0.05,
   0.05
  ],
  [
   0.07,
   0.07,
   0.08,
   0.48,
   0.5,
   0.89,
   0.07,
   0.07,
   0.07,
   0.07,
   0.05,
   0.05
  ],
  [
   0.07,
   0.07,
   0.06,
   0.07,
   0.07,
   0.07,
   0.89,
   0.11,
   0.33,
   0.07,
   0.05,
   0.05
  ],
  [
   0.06,
   0.07,
   0.06,
   0.07,
   0.07,
   0.07,
   0.11,
   0.89,
   0.07,
   0.3,
   0.05,
   0.05
  ],
  [
   0.07,
   0.07,
   0.07,
   0.07,
   0.07,
   0.07,
   0.33,
   0.07,
   0.89,
   0.1,
   0.05,
   0.05
  ],
  [
   0.07,
   0.07,
   0.07,
   0.07,
   0.07,
   0.07,
   0.07,
   0.3,
   0.1,
   0.89,
   0.05,
   0.05
  ],
  [
   0.05,
   0.05,
   0.05,
   0.05,
   0.05,
   0.05,
   0.05,
   0.05,
   0.05,
   0.05,
   0.12,
   0.16
  ],
  [
   0.05,
   0.05,
   0.05,
   0.05,
   0.05,
   0.05,
   0.05,
   0.05,
   0.05,
   0.05,
   0.16,
   0.11
  ]
 ],
 "chain_pair_pae_min": [
  [
   0.76,
   9.28,
   10.25,
   29.26,
   26.53,
   28.64,
   29.62,
   30.65,
   28.74,
   30.29,
   29.56,
   29.56
  ],
  [
   9.78,
   0.76,
   9.7,
   29.34,
   26.53,
   28.78,
   30.19,
   30.35,
   29.63,
   29.82,
   29.94,
   29.79
  ],
  [
   10.57,
   9.77,
   0.76,
   28.03,
   24.05,
   27.14,
   30.12,
   30.4,
   29.79,
   30.2,
   30.43,
   30.41
  ],
  [
   29.01,
   29.86,
   26.95,
   0.76,
   8.83,
   11.04,
   28.95,
   29.53,
   30.34,
   30.4,
   29.78,
   29.85
  ],
  [
   27.35,
   28.14,
   24.46,
   9.39,
   0.76,
   9.48,
   29.72,
   29.32,
   30.36,
   30.23,
   29.79,
   29.83
  ],
  [
   29.04,
   29.67,
   27.18,
   10.11,
   10.24,
   0.76,
   29.42,
   28.03,
   30.48,
   29.51,
   29.86,
   29.89
  ],
  [
   30.24,
   30.37,
   30.55,
   28.29,
   29.4,
   29.51,
   0.76,
   20.68,
   14.68,
   27.25,
   30.19,
   30.2
  ],
  [
   30.65,
   30.49,
   30.58,
   29.33,
   29.87,
   28.13,
   20.42,
   0.76,
   27.86,
   17.05,
   29.7,
   29.74
  ],
  [
   29.56,
   29.72,
   30.2,
   30.02,
   30.17,
   30.22,
   15.15,
   27.32,
   0.76,
   21.85,
   30.18,
   29.98
  ],
  [
   30.14,
   29.6,
   30.02,
   30.23,
   30.41,
   29.36,
   26.34,
   15.64,
   22.45,
   0.76,
   29.61,
   29.65
  ],
  [
   30.17,
   30.5,
   30.75,
   30.73,
   30.88,
   30.91,
   30.82,
   30.37,
   30.98,
   30.15,
   0.82,
   3.07
  ],
  [
   30.16,
   30.57,
   30.74,
   30.79,
   30.85,
   30.92,
   30.86,
   30.3,
   30.96,
   30.3,
   3.14,
   0.82
  ]
 ],
 "chain_ptm": [
  0.89,
  0.89,
  0.89,
  0.89,
  0.89,
  0.89,
  0.89,
  0.89,
  0.89,
  0.89,
  0.12,
  0.11
 ],
 "fraction_disordered": 0.0,
 "has_clash": 0.0,
 "iptm": 0.29,
 "num_recycles": 10.0,
 "ptm": 0.35,
 "ranking_score": 0.3
}