{
 "chain_iptm": [
  0.11,
  0.1,
  0.1,
  0.07,
  0.07,
  0.08,
  0.08,
  0.09,
  0.07,
  0.07,
  0.06,
  0.06
 ],
 "chain_pair_iptm": [
  [
   0.89,
   0.31,
   0.31,
   0.07,
   0.07,
   0.08,
   0.08,
   0.07,
   0.07,
   0.07,
   0.06,
   0.06
  ],
  [
   0.31,
   0.89,
   0.09,
   0.09,
   0.09,
   0.07,
   0.07,
   0.08,
   0.07,
   0.07,
   0.05,
   0.05
  ],
  [
   0.31,
   0.09,
   0.89,
   0.09,
   0.09,
   0.1,
   0.07,
   0.07,
   0.07,
   0.07,
   0.05,
   0.05
  ],
  [
   0.07,
   0.09,
   0.09,
   0.85,
   0.09,
   0.08,
   0.07,
   0.07,
   0.07,
   0.07,
   0.05,
   0.05
  ],
  [
   0.07,
   0.09,
   0.09,
   0.09,
   0.83,
   0.07,
   0.07,
   0.07,
   0.07,
   0.07,
   0.05,
   0.05
  ],
  [
   0.08,
   0.07,
   0.1,
   0.08,
   0.07,
   0.89,
   0.12,
   0.07,
   0.08,
   0.08,
   0.05,
   0.05
  ],
  [
   0.08,
   0.07,
   0.07,
   0.07,
   0.07,
   0.12,
   0.89,
   0.19,
   0.07,
   0.07,
   0.05,
   0.05
  ],
  [
   0.07,
   0.08,
   0.07,
   0.07,
   0.07,
   0.07,
   0.19,
   0.88,
   0.12,
   0.12,
   0.05,
   0.05
  ],
  [
   0.07,
   0.07,
   0.07,
   0.07,
   0.07,
   0.08,
   0.07,
   0.12,
   0.85,
   0.09,
   0.05,
   0.05
  ],
  [
   0.07,
   0.07,
   0.07,
   0.07,
   0.07,
   0.08,
   0.07,
   0.12,
   0.09,
   0.84,
   0.05,
   0.05
  ],
  [
   0.06,
   0.05,
   0.05,
   0.05,
   0.05,
   0.05,
   0.05,
   0.05,
   0.05,
   0.05,
   0.12,
   0.16
  ],
  [
   0.06,
   0.05,
   0.05,
   0.05,
   0.05,
   0.05,
   0.05,
   0.05,
   0.05,
   0.05,
   0.16,
   0.12
  ]
 ],
 "chain_pair_pae_min": [
  [
   0.76,
   12.39,
   13.76,
   28.14,
   27.9,
   25.15,
   27.14,
   28.76,
   29.71,
   30.13,
   27.79,
   27.48
  ],
  [
   12.53,
   0.76,
   23.4,
   23.82,
   24.72,
   28.25,
   28.07,
   26.55,
   29.74,
   29.77,
   28.86,
   28.79
  ],
  [
   14.03,
   24.09,
   0.76,
   24.54,
   24.94,
   23.09,
   28.5,
   29.65,
   29.21,
   29.8,
   29.35,
   29.45
  ],
  [
   27.87,
   24.75,
   23.43,
   0.76,
   18.75,
   26.69,
   29.94,
   28.98,
   28.34,
   28.6,
   29.92,
   29.99
  ],
  [
   27.04,
   25.31,
   23.78,
   19.0,
   0.76,
   25.6,
   29.75,
   28.19,
   28.33,
   28.36,
   29.88,
   29.98
  ],
  [
   25.36,
   27.93,
   23.0,
   25.65,
   27.74,
   0.76,
   25.58,
   28.66,
   27.42,
   27.96,
   30.05,
   30.05
  ],
  [
   27.3,
   28.51,
   28.79,
   27.0,
   29.43,
   24.88,
   0.76,
   17.01,
   27.75,
   27.65,
   29.48,
   29.57
  ],
  [
   28.81,
   27.53,
   29.69,
   29.34,
   28.82,
   27.87,
   18.43,
   0.76,
   20.72,
   22.26,
   29.85,
   29.9
  ],
  [
   29.83,
   29.39,
   28.84,
   28.49,
   28.76,
   27.99,
   27.32,
   21.53,
   0.76,
   20.55,
   30.51,
   30.39
  ],
  [
   29.54,
   29.3,
   29.48,
   28.53,
   28.65,
   28.1,
   26.67,
   22.27,
   17.55,
   0.76,
   30.49,
   30.5
  ],
  [
   28.73,
   29.56,
   30.0,
   30.74,
   30.92,
   30.87,
   30.79,
   30.76,
   31.17,
   31.25,
   0.82,
   2.96
  ],
  [
   28.61,
   29.42,
   29.91,
   30.69,
   30.9,
   30.91,
   30.75,
   30.79,
   31.18,
   31.28,
   2.94,
   0.82
  ]
 ],
 "chain_ptm": [
  0.89,
  0.89,
  0.89,
  0.85,
  0.83,
  0.89,
  0.89,
  0.88,
  0.85,
  0.84,
  0.12,
  0.12
 ],
 "fraction_disordered": 0.0,
 "has_clash": 1.0,
 "iptm": 0.25,
 "num_recycles": 10.0,
 "ptm": 0.32,
 "ranking_score": -99.74
}