{
 "chain_iptm": [
  0.15,
  0.15,
  0.15,
  0.14,
  0.14,
  0.14,
  0.09,
  0.09,
  0.09,
  0.09,
  0.06,
  0.06
 ],
 "chain_pair_iptm": [
  [
   0.89,
   0.53,
   0.49,
   0.07,
   0.07,
   0.08,
   0.08,
   0.07,
   0.07,
   0.06,
   0.05,
   0.05
  ],
  [
   0.53,
   0.89,
   0.51,
   0.07,
   0.07,
   0.07,
   0.07,
   0.06,
   0.08,
   0.07,
   0.05,
   0.05
  ],
  [
   0.49,
   0.51,
   0.89,
   0.08,
   0.08,
   0.09,
   0.07,
   0.07,
   0.07,
   0.06,
   0.05,
   0.05
  ],
  [
   0.07,
   0.07,
   0.08,
   0.89,
   0.5,
   0.48,
   0.07,
   0.07,
   0.07,
   0.08,
   0.05,
   0.05
  ],
  [
   0.07,
   0.07,
   0.08,
   0.5,
   0.89,
   0.49,
   0.07,
   0.08,
   0.07,
   0.07,
   0.05,
   0.05
  ],
  [
   0.08,
   0.07,
   0.09,
   0.48,
   0.49,
   0.89,
   0.07,
   0.07,
   0.07,
   0.07,
   0.05,
   0.05
  ],
  [
   0.08,
   0.07,
   0.07,
   0.07,
   0.07,
   0.07,
   0.89,
   0.37,
   0.07,
   0.06,
   0.05,
   0.05
  ],
  [
   0.07,
   0.06,
   0.07,
   0.07,
   0.08,
   0.07,
   0.37,
   0.89,
   0.06,
   0.06,
   0.05,
   0.05
  ],
  [
   0.07,
   0.08,
   0.07,
   0.07,
   0.07,
   0.07,
   0.07,
   0.06,
   0.89,
   0.33,
   0.05,
   0.05
  ],
  [
   0.06,
   0.07,
   0.06,
   0.08,
   0.07,
   0.07,
   0.06,
   0.06,
   0.33,
   0.89,
   0.05,
   0.05
  ],
  [
   0.05,
   0.05,
   0.05,
   0.05,
   0.05,
   0.05,
   0.05,
   0.05,
   0.05,
   0.05,
   0.12,
   0.16
  ],
  [
   0.05,
   0.05,
   0.05,
   0.05,
   0.05,
   0.05,
   0.05,
   0.05,
   0.05,
   0.05,
   0.16,
   0.12
  ]
 ],
 "chain_pair_pae_min": [
  [
   0.76,
   8.72,
   10.19,
   28.21,
   28.93,
   26.91,
   28.22,
   29.65,
   29.77,
   30.6,
   29.32,
   29.4
  ],
  [
   8.45,
   0.76,
   9.47,
   28.3,
   29.38,
   27.46,
   29.61,
   30.24,
   28.54,
   30.26,
   29.57,
   29.65
  ],
  [
   9.63,
   9.73,
   0.76,
   26.64,
   27.88,
   25.11,
   29.54,
   29.98,
   29.81,
   30.22,
   29.55,
   29.64
  ],
  [
   28.26,
   28.7,
   27.0,
   0.76,
   8.95,
   10.71,
   30.24,
   29.15,
   29.61,
   28.23,
   30.76,
   30.74
  ],
  [
   28.43,
   29.63,
   27.17,
   8.75,
   0.76,
   9.52,
   29.43,
   27.62,
   30.19,
   29.36,
   30.81,
   30.83
  ],
  [
   27.04,
   28.18,
   25.36,
   10.1,
   10.07,
   0.76,
   29.93,
   29.01,
   29.89,
   29.4,
   31.05,
   31.02
  ],
  [
   28.13,
   29.44,
   29.7,
   30.37,
   29.09,
   29.76,
   0.76,
   13.72,
   29.92,
   30.12,
   29.33,
   29.96
  ],
  [
   29.88,
   30.32,
   30.19,
   29.4,
   27.3,
   28.66,
   12.78,
   0.76,
   30.04,
   29.85,
   28.16,
   28.68
  ],
  [
   29.78,
   28.16,
   29.47,
   29.92,
   30.34,
   30.18,
   29.9,
   30.06,
   0.76,
   15.08,
   30.1,
   30.01
  ],
  [
   30.62,
   30.21,
   30.3,
   28.17,
   29.26,
   29.61,
   30.12,
   30.0,
   15.15,
   0.76,
   29.99,
   29.96
  ],
  [
   30.27,
   30.6,
   30.5,
   31.29,
   31.18,
   31.45,
   30.43,
   29.9,
   30.81,
   30.85,
   0.82,
   3.21
  ],
  [
   30.27,
   30.55,
   30.42,
   31.32,
   31.19,
   31.46,
   30.41,
   29.91,
   30.85,
   30.81,
   3.17,
   0.82
  ]
 ],
 "chain_ptm": [
  0.89,
  0.89,
  0.89,
  0.89,
  0.89,
  0.89,
  0.89,
  0.89,
  0.89,
  0.89,
  0.12,
  0.12
 ],
 "fraction_disordered": 0.0,
 "has_clash": 0.0,
 "iptm": 0.29,
 "num_recycles": 10.0,
 "ptm": 0.35,
 "ranking_score": 0.3
}