{
 "chain_iptm": [
  0.16,
  0.16,
  0.16,
  0.16,
  0.16,
  0.16,
  0.07,
  0.12,
  0.12,
  0.12,
  0.06,
  0.06
 ],
 "chain_pair_iptm": [
  [
   0.89,
   0.53,
   0.51,
   0.13,
   0.12,
   0.11,
   0.06,
   0.06,
   0.06,
   0.06,
   0.06,
   0.06
  ],
  [
   0.53,
   0.89,
   0.51,
   0.11,
   0.11,
   0.12,
   0.06,
   0.07,
   0.06,
   0.07,
   0.06,
   0.06
  ],
  [
   0.51,
   0.51,
   0.89,
   0.11,
   0.13,
   0.11,
   0.06,
   0.06,
   0.06,
   0.07,
   0.05,
   0.05
  ],
  [
   0.13,
   0.11,
   0.11,
   0.89,
   0.54,
   0.5,
   0.06,
   0.06,
   0.06,
   0.06,
   0.05,
   0.05
  ],
  [
   0.12,
   0.11,
   0.13,
   0.54,
   0.89,
   0.53,
   0.06,
   0.06,
   0.06,
   0.06,
   0.05,
   0.05
  ],
  [
   0.11,
   0.12,
   0.11,
   0.5,
   0.53,
   0.89,
   0.07,
   0.06,
   0.07,
   0.07,
   0.05,
   0.05
  ],
  [
   0.06,
   0.06,
   0.06,
   0.06,
   0.06,
   0.07,
   0.89,
   0.09,
   0.11,
   0.09,
   0.05,
   0.05
  ],
  [
   0.06,
   0.07,
   0.06,
   0.06,
   0.06,
   0.06,
   0.09,
   0.89,
   0.4,
   0.36,
   0.06,
   0.06
  ],
  [
   0.06,
   0.06,
   0.06,
   0.06,
   0.06,
   0.07,
   0.11,
   0.4,
   0.89,
   0.37,
   0.05,
   0.05
  ],
  [
   0.06,
   0.07,
   0.07,
   0.06,
   0.06,
   0.07,
   0.09,
   0.36,
   0.37,
   0.89,
   0.06,
   0.06
  ],
  [
   0.06,
   0.06,
   0.05,
   0.05,
   0.05,
   0.05,
   0.05,
   0.06,
   0.05,
   0.06,
   0.12,
   0.16
  ],
  [
   0.06,
   0.06,
   0.05,
   0.05,
   0.05,
   0.05,
   0.05,
   0.06,
   0.05,
   0.06,
   0.16,
   0.12
  ]
 ],
 "chain_pair_pae_min": [
  [
   0.76,
   9.39,
   9.88,
   19.76,
   20.79,
   22.16,
   30.83,
   30.74,
   30.58,
   30.66,
   28.48,
   28.78
  ],
  [
   9.27,
   0.76,
   9.77,
   20.3,
   21.14,
   20.95,
   30.88,
   30.83,
   30.66,
   30.44,
   28.13,
   28.71
  ],
  [
   9.81,
   9.67,
   0.76,
   20.73,
   19.9,
   21.47,
   30.86,
   30.75,
   30.57,
   30.52,
   28.86,
   29.03
  ],
  [
   19.7,
   19.9,
   20.84,
   0.76,
   9.62,
   10.39,
   30.83,
   30.64,
   30.58,
   30.67,
   30.28,
   30.23
  ],
  [
   20.46,
   21.1,
   19.87,
   9.05,
   0.76,
   9.83,
   30.82,
   30.59,
   30.5,
   30.74,
   30.21,
   30.21
  ],
  [
   22.32,
   20.66,
   21.32,
   11.01,
   9.45,
   0.76,
   30.47,
   30.83,
   30.83,
   30.74,
   30.18,
   30.22
  ],
  [
   30.93,
   30.67,
   31.03,
   30.73,
   30.92,
   29.71,
   0.76,
   23.89,
   19.81,
   23.79,
   30.03,
   30.04
  ],
  [
   30.17,
   29.88,
   30.37,
   30.37,
   30.11,
   30.24,
   21.93,
   0.76,
   13.11,
   14.55,
   28.82,
   28.65
  ],
  [
   30.24,
   30.21,
   30.44,
   30.55,
   30.31,
   30.39,
   19.45,
   13.32,
   0.76,
   14.11,
   29.26,
   29.14
  ],
  [
   30.24,
   30.09,
   30.62,
   30.57,
   30.35,
   30.6,
   22.79,
   14.48,
   13.14,
   0.76,
   28.91,
   28.43
  ],
  [
   28.47,
   29.51,
   29.53,
   30.75,
   31.0,
   30.93,
   31.01,
   30.27,
   30.45,
   30.05,
   0.82,
   3.06
  ],
  [
   28.13,
   29.56,
   29.64,
   30.71,
   30.93,
   30.98,
   31.05,
   30.29,
   30.38,
   30.07,
   3.12,
   0.82
  ]
 ],
 "chain_ptm": [
  0.89,
  0.89,
  0.89,
  0.89,
  0.89,
  0.89,
  0.89,
  0.89,
  0.89,
  0.89,
  0.12,
  0.12
 ],
 "fraction_disordered": 0.0,
 "has_clash": 0.0,
 "iptm": 0.31,
 "num_recycles": 10.0,
 "ptm": 0.37,
 "ranking_score": 0.32
}