{
 "chain_iptm": [
  0.04,
  0.04,
  0.04,
  0.04,
  0.04,
  0.04,
  0.04,
  0.04,
  0.04,
  0.04
 ],
 "chain_pair_iptm": [
  [
   0.08,
   0.05,
   0.04,
   0.04,
   0.04,
   0.04,
   0.03,
   0.04,
   0.04,
   0.03
  ],
  [
   0.05,
   0.08,
   0.04,
   0.04,
   0.04,
   0.04,
   0.04,
   0.04,
   0.04,
   0.03
  ],
  [
   0.04,
   0.04,
   0.08,
   0.05,
   0.04,
   0.04,
   0.04,
   0.04,
   0.04,
   0.03
  ],
  [
   0.04,
   0.04,
   0.05,
   0.08,
   0.04,
   0.04,
   0.04,
   0.04,
   0.04,
   0.03
  ],
  [
   0.04,
   0.04,
   0.04,
   0.04,
   0.09,
   0.05,
   0.04,
   0.04,
   0.04,
   0.04
  ],
  [
   0.04,
   0.04,
   0.04,
   0.04,
   0.05,
   0.09,
   0.05,
   0.04,
   0.03,
   0.04
  ],
  [
   0.03,
   0.04,
   0.04,
   0.04,
   0.04,
   0.05,
   0.09,
   0.04,
   0.03,
   0.04
  ],
  [
   0.04,
   0.04,
   0.04,
   0.04,
   0.04,
   0.04,
   0.04,
   0.09,
   0.04,
   0.04
  ],
  [
   0.04,
   0.04,
   0.04,
   0.04,
   0.04,
   0.03,
   0.03,
   0.04,
   0.09,
   0.04
  ],
  [
   0.03,
   0.03,
   0.03,
   0.03,
   0.04,
   0.04,
   0.04,
   0.04,
   0.04,
   0.09
  ]
 ],
 "chain_pair_pae_min": [
  [
   0.92,
   20.33,
   24.16,
   25.53,
   25.35,
   27.95,
   28.37,
   25.67,
   27.75,
   27.86
  ],
  [
   20.69,
   0.94,
   22.67,
   25.28,
   26.86,
   26.39,
   26.33,
   26.94,
   25.94,
   28.56
  ],
  [
   23.54,
   22.71,
   0.93,
   23.62,
   25.9,
   26.83,
   26.57,
   26.86,
   27.75,
   28.09
  ],
  [
   24.72,
   25.55,
   23.14,
   0.92,
   23.79,
   24.22,
   24.59,
   28.1,
   27.3,
   28.68
  ],
  [
   24.89,
   27.14,
   25.15,
   24.33,
   0.91,
   21.89,
   27.12,
   27.8,
   27.39,
   28.1
  ],
  [
   27.72,
   26.57,
   27.05,
   25.02,
   21.64,
   0.92,
   23.53,
   26.27,
   28.57,
   27.25
  ],
  [
   28.49,
   26.59,
   27.38,
   24.58,
   26.69,
   23.02,
   0.91,
   25.96,
   29.26,
   26.55
  ],
  [
   25.41,
   27.37,
   27.5,
   28.33,
   28.52,
   26.78,
   26.19,
   0.91,
   24.82,
   26.21
  ],
  [
   27.56,
   26.63,
   28.32,
   28.29,
   28.13,
   29.02,
   29.26,
   25.21,
   0.92,
   25.95
  ],
  [
   28.21,
   29.02,
   28.72,
   29.16,
   28.71,
   27.9,
   27.22,
   27.02,
   26.32,
   0.91
  ]
 ],
 "chain_ptm": [
  0.08,
  0.08,
  0.08,
  0.08,
  0.09,
  0.09,
  0.09,
  0.09,
  0.09,
  0.09
 ],
 "fraction_disordered": 0.0,
 "has_clash": 1.0,
 "iptm": 0.12,
 "num_recycles": 10.0,
 "ptm": 0.13,
 "ranking_score": -99.87
}