{
 "chain_iptm": [
  0.04,
  0.04,
  0.04,
  0.04,
  0.04,
  0.04,
  0.04,
  0.04,
  0.04,
  0.04
 ],
 "chain_pair_iptm": [
  [
   0.08,
   0.06,
   0.04,
   0.04,
   0.04,
   0.04,
   0.04,
   0.03,
   0.03,
   0.03
  ],
  [
   0.06,
   0.08,
   0.04,
   0.04,
   0.04,
   0.04,
   0.04,
   0.03,
   0.04,
   0.04
  ],
  [
   0.04,
   0.04,
   0.09,
   0.05,
   0.04,
   0.04,
   0.04,
   0.04,
   0.04,
   0.03
  ],
  [
   0.04,
   0.04,
   0.05,
   0.09,
   0.04,
   0.04,
   0.04,
   0.04,
   0.04,
   0.04
  ],
  [
   0.04,
   0.04,
   0.04,
   0.04,
   0.08,
   0.04,
   0.04,
   0.04,
   0.04,
   0.04
  ],
  [
   0.04,
   0.04,
   0.04,
   0.04,
   0.04,
   0.08,
   0.04,
   0.04,
   0.04,
   0.04
  ],
  [
   0.04,
   0.04,
   0.04,
   0.04,
   0.04,
   0.04,
   0.08,
   0.04,
   0.04,
   0.04
  ],
  [
   0.03,
   0.03,
   0.04,
   0.04,
   0.04,
   0.04,
   0.04,
   0.09,
   0.04,
   0.04
  ],
  [
   0.03,
   0.04,
   0.04,
   0.04,
   0.04,
   0.04,
   0.04,
   0.04,
   0.09,
   0.04
  ],
  [
   0.03,
   0.04,
   0.03,
   0.04,
   0.04,
   0.04,
   0.04,
   0.04,
   0.04,
   0.09
  ]
 ],
 "chain_pair_pae_min": [
  [
   0.93,
   17.0,
   24.75,
   22.92,
   28.0,
   27.95,
   26.45,
   29.02,
   28.99,
   28.76
  ],
  [
   18.3,
   0.93,
   23.37,
   23.2,
   28.0,
   28.45,
   26.03,
   28.73,
   28.69,
   28.65
  ],
  [
   24.26,
   23.77,
   0.93,
   21.79,
   25.52,
   27.38,
   25.02,
   27.65,
   28.67,
   28.64
  ],
  [
   21.98,
   22.71,
   21.92,
   0.92,
   24.86,
   25.29,
   24.93,
   27.84,
   28.17,
   27.44
  ],
  [
   27.76,
   27.86,
   25.35,
   24.91,
   0.91,
   23.46,
   24.73,
   25.39,
   26.75,
   27.04
  ],
  [
   28.18,
   28.42,
   27.26,
   25.78,
   23.47,
   0.92,
   22.62,
   25.77,
   25.67,
   25.31
  ],
  [
   25.74,
   25.65,
   24.64,
   24.9,
   25.12,
   21.87,
   0.92,
   25.08,
   27.62,
   27.31
  ],
  [
   29.05,
   29.21,
   27.46,
   28.08,
   25.45,
   25.33,
   24.99,
   0.91,
   25.88,
   26.98
  ],
  [
   29.05,
   28.52,
   28.76,
   28.56,
   26.66,
   26.49,
   28.04,
   26.57,
   0.91,
   24.67
  ],
  [
   28.94,
   28.69,
   29.01,
   28.09,
   27.04,
   25.86,
   28.03,
   27.49,
   23.67,
   0.9
  ]
 ],
 "chain_ptm": [
  0.08,
  0.08,
  0.09,
  0.09,
  0.08,
  0.08,
  0.08,
  0.09,
  0.09,
  0.09
 ],
 "fraction_disordered": 0.0,
 "has_clash": 0.0,
 "iptm": 0.13,
 "num_recycles": 10.0,
 "ptm": 0.14,
 "ranking_score": 0.13
}