{
 "chain_iptm": [
  0.04,
  0.04,
  0.04,
  0.04,
  0.04,
  0.04,
  0.04,
  0.04,
  0.04,
  0.04
 ],
 "chain_pair_iptm": [
  [
   0.08,
   0.05,
   0.04,
   0.04,
   0.04,
   0.04,
   0.03,
   0.04,
   0.03,
   0.03
  ],
  [
   0.05,
   0.08,
   0.04,
   0.03,
   0.04,
   0.04,
   0.03,
   0.04,
   0.03,
   0.03
  ],
  [
   0.04,
   0.04,
   0.08,
   0.04,
   0.04,
   0.04,
   0.03,
   0.04,
   0.03,
   0.03
  ],
  [
   0.04,
   0.03,
   0.04,
   0.08,
   0.04,
   0.04,
   0.03,
   0.04,
   0.03,
   0.03
  ],
  [
   0.04,
   0.04,
   0.04,
   0.04,
   0.08,
   0.03,
   0.04,
   0.03,
   0.03,
   0.03
  ],
  [
   0.04,
   0.04,
   0.04,
   0.04,
   0.03,
   0.08,
   0.04,
   0.04,
   0.03,
   0.04
  ],
  [
   0.03,
   0.03,
   0.03,
   0.03,
   0.04,
   0.04,
   0.08,
   0.04,
   0.04,
   0.03
  ],
  [
   0.04,
   0.04,
   0.04,
   0.04,
   0.03,
   0.04,
   0.04,
   0.08,
   0.04,
   0.04
  ],
  [
   0.03,
   0.03,
   0.03,
   0.03,
   0.03,
   0.03,
   0.04,
   0.04,
   0.09,
   0.04
  ],
  [
   0.03,
   0.03,
   0.03,
   0.03,
   0.03,
   0.04,
   0.03,
   0.04,
   0.04,
   0.09
  ]
 ],
 "chain_pair_pae_min": [
  [
   0.92,
   20.39,
   25.33,
   24.98,
   28.43,
   25.4,
   29.2,
   27.81,
   29.79,
   29.22
  ],
  [
   21.31,
   0.92,
   27.8,
   29.44,
   26.15,
   26.21,
   29.31,
   27.43,
   29.99,
   29.97
  ],
  [
   25.82,
   27.76,
   0.93,
   24.18,
   24.34,
   26.71,
   29.76,
   27.32,
   29.23,
   28.98
  ],
  [
   25.33,
   29.49,
   24.6,
   0.92,
   25.75,
   26.8,
   29.91,
   25.69,
   29.11,
   29.13
  ],
  [
   28.62,
   26.5,
   24.67,
   24.84,
   0.92,
   29.36,
   26.12,
   29.67,
   29.32,
   28.68
  ],
  [
   25.09,
   26.7,
   26.83,
   27.07,
   29.49,
   0.91,
   25.3,
   26.18,
   28.5,
   26.0
  ],
  [
   29.51,
   29.48,
   29.84,
   29.78,
   25.89,
   25.14,
   0.92,
   25.58,
   27.14,
   29.05
  ],
  [
   28.02,
   27.72,
   27.68,
   25.03,
   29.7,
   26.67,
   25.67,
   0.92,
   27.57,
   28.39
  ],
  [
   29.92,
   30.2,
   29.3,
   28.68,
   28.93,
   28.79,
   27.47,
   27.22,
   0.91,
   25.48
  ],
  [
   29.27,
   30.26,
   28.89,
   28.95,
   28.89,
   26.93,
   28.95,
   28.78,
   25.56,
   0.91
  ]
 ],
 "chain_ptm": [
  0.08,
  0.08,
  0.08,
  0.08,
  0.08,
  0.08,
  0.08,
  0.08,
  0.09,
  0.09
 ],
 "fraction_disordered": 0.0,
 "has_clash": 1.0,
 "iptm": 0.12,
 "num_recycles": 10.0,
 "ptm": 0.13,
 "ranking_score": -99.88
}