{
 "chain_iptm": [
  0.04,
  0.04,
  0.04,
  0.05,
  0.05,
  0.04,
  0.04,
  0.04,
  0.04,
  0.04
 ],
 "chain_pair_iptm": [
  [
   0.08,
   0.06,
   0.05,
   0.05,
   0.05,
   0.04,
   0.04,
   0.04,
   0.04,
   0.04
  ],
  [
   0.06,
   0.08,
   0.05,
   0.04,
   0.05,
   0.04,
   0.04,
   0.04,
   0.04,
   0.04
  ],
  [
   0.05,
   0.05,
   0.08,
   0.06,
   0.05,
   0.04,
   0.04,
   0.04,
   0.04,
   0.04
  ],
  [
   0.05,
   0.04,
   0.06,
   0.08,
   0.06,
   0.04,
   0.04,
   0.04,
   0.04,
   0.04
  ],
  [
   0.05,
   0.05,
   0.05,
   0.06,
   0.09,
   0.05,
   0.04,
   0.04,
   0.04,
   0.04
  ],
  [
   0.04,
   0.04,
   0.04,
   0.04,
   0.05,
   0.08,
   0.05,
   0.04,
   0.04,
   0.04
  ],
  [
   0.04,
   0.04,
   0.04,
   0.04,
   0.04,
   0.05,
   0.09,
   0.05,
   0.04,
   0.04
  ],
  [
   0.04,
   0.04,
   0.04,
   0.04,
   0.04,
   0.04,
   0.05,
   0.09,
   0.05,
   0.05
  ],
  [
   0.04,
   0.04,
   0.04,
   0.04,
   0.04,
   0.04,
   0.04,
   0.05,
   0.09,
   0.05
  ],
  [
   0.04,
   0.04,
   0.04,
   0.04,
   0.04,
   0.04,
   0.04,
   0.05,
   0.05,
   0.09
  ]
 ],
 "chain_pair_pae_min": [
  [
   0.93,
   17.62,
   20.71,
   22.63,
   22.34,
   26.61,
   28.1,
   28.22,
   24.3,
   25.53
  ],
  [
   17.12,
   0.93,
   19.19,
   22.59,
   21.23,
   26.83,
   28.44,
   28.6,
   23.87,
   25.64
  ],
  [
   19.72,
   19.75,
   0.92,
   19.57,
   22.52,
   25.1,
   27.02,
   26.95,
   23.93,
   24.74
  ],
  [
   22.81,
   23.62,
   17.55,
   0.92,
   20.26,
   23.88,
   25.46,
   25.9,
   24.83,
   25.05
  ],
  [
   21.77,
   20.4,
   21.84,
   20.29,
   0.91,
   20.18,
   24.89,
   27.61,
   24.0,
   26.9
  ],
  [
   27.35,
   27.63,
   25.24,
   23.38,
   20.53,
   0.91,
   21.0,
   25.13,
   24.22,
   24.7
  ],
  [
   27.62,
   28.19,
   26.81,
   24.84,
   25.1,
   20.51,
   0.91,
   21.53,
   23.44,
   23.55
  ],
  [
   27.94,
   28.53,
   26.72,
   25.27,
   27.28,
   24.0,
   21.25,
   0.91,
   21.09,
   24.08
  ],
  [
   24.93,
   24.24,
   24.31,
   24.59,
   24.57,
   24.55,
   23.75,
   22.05,
   0.91,
   22.56
  ],
  [
   25.67,
   25.71,
   25.41,
   24.2,
   27.46,
   24.6,
   23.38,
   24.05,
   22.0,
   0.91
  ]
 ],
 "chain_ptm": [
  0.08,
  0.08,
  0.08,
  0.08,
  0.09,
  0.08,
  0.09,
  0.09,
  0.09,
  0.09
 ],
 "fraction_disordered": 0.0,
 "has_clash": 1.0,
 "iptm": 0.13,
 "num_recycles": 10.0,
 "ptm": 0.14,
 "ranking_score": -99.86
}