{
 "chain_iptm": [
  0.04,
  0.04,
  0.04,
  0.04,
  0.04,
  0.04,
  0.04,
  0.04,
  0.04,
  0.04
 ],
 "chain_pair_iptm": [
  [
   0.08,
   0.05,
   0.04,
   0.04,
   0.04,
   0.04,
   0.04,
   0.04,
   0.03,
   0.04
  ],
  [
   0.05,
   0.08,
   0.04,
   0.04,
   0.04,
   0.04,
   0.04,
   0.03,
   0.03,
   0.04
  ],
  [
   0.04,
   0.04,
   0.08,
   0.04,
   0.04,
   0.04,
   0.03,
   0.03,
   0.03,
   0.04
  ],
  [
   0.04,
   0.04,
   0.04,
   0.08,
   0.05,
   0.04,
   0.03,
   0.04,
   0.04,
   0.04
  ],
  [
   0.04,
   0.04,
   0.04,
   0.05,
   0.08,
   0.04,
   0.04,
   0.04,
   0.04,
   0.04
  ],
  [
   0.04,
   0.04,
   0.04,
   0.04,
   0.04,
   0.08,
   0.04,
   0.04,
   0.04,
   0.03
  ],
  [
   0.04,
   0.04,
   0.03,
   0.03,
   0.04,
   0.04,
   0.09,
   0.04,
   0.04,
   0.04
  ],
  [
   0.04,
   0.03,
   0.03,
   0.04,
   0.04,
   0.04,
   0.04,
   0.08,
   0.04,
   0.04
  ],
  [
   0.03,
   0.03,
   0.03,
   0.04,
   0.04,
   0.04,
   0.04,
   0.04,
   0.09,
   0.04
  ],
  [
   0.04,
   0.04,
   0.04,
   0.04,
   0.04,
   0.03,
   0.04,
   0.04,
   0.04,
   0.09
  ]
 ],
 "chain_pair_pae_min": [
  [
   0.93,
   18.7,
   27.78,
   26.76,
   25.85,
   25.87,
   26.91,
   28.4,
   29.22,
   26.7
  ],
  [
   18.56,
   0.93,
   26.76,
   26.31,
   25.33,
   26.19,
   27.65,
   28.74,
   29.29,
   26.79
  ],
  [
   28.8,
   26.74,
   0.93,
   23.69,
   26.77,
   28.32,
   30.15,
   29.69,
   29.54,
   26.62
  ],
  [
   26.42,
   25.77,
   24.21,
   0.92,
   21.06,
   25.17,
   28.42,
   27.86,
   28.21,
   26.51
  ],
  [
   25.9,
   25.64,
   26.98,
   22.06,
   0.92,
   22.93,
   28.12,
   27.31,
   27.29,
   26.59
  ],
  [
   26.32,
   25.69,
   28.4,
   24.93,
   22.67,
   0.91,
   24.15,
   27.1,
   26.81,
   28.83
  ],
  [
   26.57,
   27.17,
   30.29,
   28.51,
   27.91,
   24.74,
   0.91,
   24.44,
   27.96,
   28.15
  ],
  [
   27.95,
   28.34,
   29.97,
   27.15,
   26.93,
   26.61,
   24.3,
   0.91,
   23.27,
   28.57
  ],
  [
   29.47,
   29.43,
   30.15,
   28.09,
   27.38,
   26.87,
   28.35,
   23.83,
   0.91,
   26.8
  ],
  [
   26.51,
   26.71,
   27.59,
   27.48,
   26.99,
   29.14,
   28.18,
   28.92,
   27.26,
   0.9
  ]
 ],
 "chain_ptm": [
  0.08,
  0.08,
  0.08,
  0.08,
  0.08,
  0.08,
  0.09,
  0.08,
  0.09,
  0.09
 ],
 "fraction_disordered": 0.0,
 "has_clash": 1.0,
 "iptm": 0.12,
 "num_recycles": 10.0,
 "ptm": 0.13,
 "ranking_score": -99.88
}