{
 "chain_iptm": [
  0.14,
  0.14,
  0.14,
  0.13,
  0.13,
  0.13,
  0.08,
  0.09,
  0.09,
  0.08,
  0.06,
  0.06
 ],
 "chain_pair_iptm": [
  [
   0.89,
   0.52,
   0.48,
   0.07,
   0.07,
   0.07,
   0.07,
   0.07,
   0.07,
   0.07,
   0.06,
   0.06
  ],
  [
   0.52,
   0.89,
   0.5,
   0.07,
   0.07,
   0.07,
   0.07,
   0.07,
   0.07,
   0.07,
   0.05,
   0.05
  ],
  [
   0.48,
   0.5,
   0.89,
   0.07,
   0.07,
   0.07,
   0.07,
   0.07,
   0.07,
   0.07,
   0.05,
   0.05
  ],
  [
   0.07,
   0.07,
   0.07,
   0.9,
   0.45,
   0.42,
   0.06,
   0.07,
   0.07,
   0.07,
   0.06,
   0.06
  ],
  [
   0.07,
   0.07,
   0.07,
   0.45,
   0.89,
   0.45,
   0.06,
   0.07,
   0.07,
   0.06,
   0.05,
   0.05
  ],
  [
   0.07,
   0.07,
   0.07,
   0.42,
   0.45,
   0.89,
   0.07,
   0.07,
   0.07,
   0.07,
   0.05,
   0.05
  ],
  [
   0.07,
   0.07,
   0.07,
   0.06,
   0.06,
   0.07,
   0.9,
   0.08,
   0.14,
   0.2,
   0.05,
   0.05
  ],
  [
   0.07,
   0.07,
   0.07,
   0.07,
   0.07,
   0.07,
   0.08,
   0.9,
   0.3,
   0.11,
   0.05,
   0.05
  ],
  [
   0.07,
   0.07,
   0.07,
   0.07,
   0.07,
   0.07,
   0.14,
   0.3,
   0.89,
   0.07,
   0.05,
   0.05
  ],
  [
   0.07,
   0.07,
   0.07,
   0.07,
   0.06,
   0.07,
   0.2,
   0.11,
   0.07,
   0.89,
   0.05,
   0.05
  ],
  [
   0.06,
   0.05,
   0.05,
   0.06,
   0.05,
   0.05,
   0.05,
   0.05,
   0.05,
   0.05,
   0.12,
   0.16
  ],
  [
   0.06,
   0.05,
   0.05,
   0.06,
   0.05,
   0.05,
   0.05,
   0.05,
   0.05,
   0.05,
   0.16,
   0.12
  ]
 ],
 "chain_pair_pae_min": [
  [
   0.76,
   8.45,
   10.35,
   29.06,
   28.96,
   29.67,
   30.27,
   30.16,
   29.88,
   30.75,
   26.92,
   27.16
  ],
  [
   8.32,
   0.76,
   8.92,
   29.53,
   29.28,
   30.02,
   29.95,
   30.23,
   29.94,
   30.4,
   27.73,
   28.04
  ],
  [
   9.47,
   9.29,
   0.76,
   29.42,
   29.11,
   29.85,
   29.86,
   30.37,
   30.06,
   30.31,
   28.7,
   28.83
  ],
  [
   28.83,
   29.85,
   29.17,
   0.76,
   10.1,
   11.9,
   30.88,
   29.59,
   29.18,
   30.3,
   27.3,
   27.49
  ],
  [
   29.31,
   29.28,
   29.09,
   10.85,
   0.76,
   9.98,
   30.79,
   29.92,
   29.75,
   30.66,
   27.99,
   28.58
  ],
  [
   29.04,
   29.04,
   29.19,
   11.2,
   10.83,
   0.76,
   30.63,
   29.28,
   29.84,
   30.15,
   28.07,
   28.7
  ],
  [
   29.54,
   29.85,
   29.86,
   30.96,
   30.65,
   30.28,
   0.76,
   25.4,
   21.35,
   19.77,
   30.27,
   30.14
  ],
  [
   28.15,
   28.33,
   28.98,
   29.74,
   29.23,
   28.85,
   26.8,
   0.76,
   14.02,
   23.73,
   28.35,
   28.4
  ],
  [
   29.61,
   29.68,
   29.44,
   29.85,
   29.94,
   29.86,
   21.67,
   15.1,
   0.76,
   27.56,
   28.0,
   28.14
  ],
  [
   29.68,
   28.78,
   30.01,
   30.31,
   30.19,
   29.76,
   19.71,
   22.97,
   27.09,
   0.76,
   30.41,
   30.49
  ],
  [
   28.2,
   29.04,
   29.45,
   28.06,
   29.21,
   29.18,
   31.05,
   28.88,
   28.86,
   31.05,
   0.84,
   3.1
  ],
  [
   28.47,
   29.22,
   29.67,
   28.78,
   29.56,
   29.58,
   31.01,
   28.96,
   28.53,
   31.07,
   3.22,
   0.84
  ]
 ],
 "chain_ptm": [
  0.89,
  0.89,
  0.89,
  0.9,
  0.89,
  0.89,
  0.9,
  0.9,
  0.89,
  0.89,
  0.12,
  0.12
 ],
 "fraction_disordered": 0.0,
 "has_clash": 0.0,
 "iptm": 0.29,
 "num_recycles": 10.0,
 "ptm": 0.35,
 "ranking_score": 0.3
}