{
 "chain_iptm": [
  0.15,
  0.15,
  0.15,
  0.13,
  0.14,
  0.13,
  0.09,
  0.09,
  0.09,
  0.09,
  0.06,
  0.06
 ],
 "chain_pair_iptm": [
  [
   0.89,
   0.55,
   0.51,
   0.07,
   0.07,
   0.07,
   0.07,
   0.07,
   0.07,
   0.07,
   0.05,
   0.05
  ],
  [
   0.55,
   0.89,
   0.54,
   0.07,
   0.07,
   0.06,
   0.07,
   0.07,
   0.07,
   0.07,
   0.05,
   0.05
  ],
  [
   0.51,
   0.54,
   0.89,
   0.07,
   0.07,
   0.07,
   0.07,
   0.07,
   0.07,
   0.07,
   0.05,
   0.05
  ],
  [
   0.07,
   0.07,
   0.07,
   0.9,
   0.47,
   0.44,
   0.07,
   0.07,
   0.07,
   0.07,
   0.05,
   0.05
  ],
  [
   0.07,
   0.07,
   0.07,
   0.47,
   0.89,
   0.46,
   0.07,
   0.07,
   0.06,
   0.06,
   0.05,
   0.05
  ],
  [
   0.07,
   0.06,
   0.07,
   0.44,
   0.46,
   0.89,
   0.08,
   0.07,
   0.07,
   0.07,
   0.05,
   0.05
  ],
  [
   0.07,
   0.07,
   0.07,
   0.07,
   0.07,
   0.08,
   0.9,
   0.23,
   0.08,
   0.17,
   0.05,
   0.05
  ],
  [
   0.07,
   0.07,
   0.07,
   0.07,
   0.07,
   0.07,
   0.23,
   0.89,
   0.22,
   0.08,
   0.05,
   0.05
  ],
  [
   0.07,
   0.07,
   0.07,
   0.07,
   0.06,
   0.07,
   0.08,
   0.22,
   0.89,
   0.21,
   0.05,
   0.05
  ],
  [
   0.07,
   0.07,
   0.07,
   0.07,
   0.06,
   0.07,
   0.17,
   0.08,
   0.21,
   0.89,
   0.05,
   0.05
  ],
  [
   0.05,
   0.05,
   0.05,
   0.05,
   0.05,
   0.05,
   0.05,
   0.05,
   0.05,
   0.05,
   0.13,
   0.17
  ],
  [
   0.05,
   0.05,
   0.05,
   0.05,
   0.05,
   0.05,
   0.05,
   0.05,
   0.05,
   0.05,
   0.17,
   0.13
  ]
 ],
 "chain_pair_pae_min": [
  [
   0.76,
   7.28,
   8.72,
   29.15,
   29.03,
   30.03,
   30.33,
   30.62,
   30.2,
   30.12,
   30.31,
   30.4
  ],
  [
   6.99,
   0.76,
   7.68,
   29.82,
   29.8,
   30.53,
   30.37,
   30.59,
   30.05,
   29.74,
   30.39,
   30.4
  ],
  [
   8.48,
   7.49,
   0.76,
   29.61,
   29.47,
   30.25,
   30.11,
   30.69,
   30.08,
   29.69,
   30.31,
   30.32
  ],
  [
   29.31,
   30.23,
   29.7,
   0.76,
   9.45,
   11.06,
   29.33,
   29.32,
   29.47,
   30.6,
   30.57,
   30.56
  ],
  [
   29.32,
   30.14,
   29.48,
   9.69,
   0.76,
   9.58,
   29.22,
   29.66,
   30.55,
   30.75,
   30.45,
   30.53
  ],
  [
   29.54,
   29.92,
   29.77,
   10.77,
   10.44,
   0.76,
   28.1,
   28.71,
   30.46,
   30.6,
   30.44,
   30.5
  ],
  [
   30.33,
   30.1,
   30.17,
   29.46,
   29.37,
   26.04,
   0.76,
   14.76,
   26.38,
   20.01,
   30.48,
   30.56
  ],
  [
   29.57,
   29.63,
   29.17,
   29.55,
   29.38,
   28.94,
   15.6,
   0.76,
   16.37,
   25.61,
   30.56,
   30.53
  ],
  [
   30.04,
   29.75,
   29.8,
   30.15,
   30.24,
   30.07,
   25.51,
   16.59,
   0.76,
   17.31,
   30.52,
   30.53
  ],
  [
   30.19,
   29.61,
   29.98,
   30.5,
   30.31,
   30.11,
   19.54,
   25.82,
   18.54,
   0.76,
   30.53,
   30.61
  ],
  [
   31.1,
   31.1,
   31.08,
   31.12,
   31.18,
   31.11,
   31.14,
   31.23,
   31.22,
   31.21,
   0.83,
   2.65
  ],
  [
   31.1,
   31.11,
   31.07,
   31.14,
   31.19,
   31.08,
   31.13,
   31.22,
   31.2,
   31.2,
   2.68,
   0.83
  ]
 ],
 "chain_ptm": [
  0.89,
  0.89,
  0.89,
  0.9,
  0.89,
  0.89,
  0.9,
  0.89,
  0.89,
  0.89,
  0.13,
  0.13
 ],
 "fraction_disordered": 0.0,
 "has_clash": 0.0,
 "iptm": 0.29,
 "num_recycles": 10.0,
 "ptm": 0.35,
 "ranking_score": 0.3
}