{
 "chain_iptm": [
  0.15,
  0.15,
  0.15,
  0.14,
  0.14,
  0.13,
  0.09,
  0.09,
  0.09,
  0.09,
  0.06,
  0.06
 ],
 "chain_pair_iptm": [
  [
   0.89,
   0.54,
   0.51,
   0.08,
   0.07,
   0.07,
   0.07,
   0.06,
   0.06,
   0.06,
   0.05,
   0.05
  ],
  [
   0.54,
   0.89,
   0.52,
   0.07,
   0.07,
   0.07,
   0.07,
   0.07,
   0.07,
   0.06,
   0.05,
   0.05
  ],
  [
   0.51,
   0.52,
   0.89,
   0.07,
   0.08,
   0.07,
   0.07,
   0.07,
   0.06,
   0.06,
   0.05,
   0.05
  ],
  [
   0.08,
   0.07,
   0.07,
   0.9,
   0.48,
   0.43,
   0.06,
   0.06,
   0.06,
   0.07,
   0.05,
   0.05
  ],
  [
   0.07,
   0.07,
   0.08,
   0.48,
   0.89,
   0.47,
   0.06,
   0.07,
   0.07,
   0.07,
   0.05,
   0.05
  ],
  [
   0.07,
   0.07,
   0.07,
   0.43,
   0.47,
   0.89,
   0.06,
   0.07,
   0.07,
   0.07,
   0.05,
   0.05
  ],
  [
   0.07,
   0.07,
   0.07,
   0.06,
   0.06,
   0.06,
   0.9,
   0.31,
   0.15,
   0.08,
   0.05,
   0.05
  ],
  [
   0.06,
   0.07,
   0.07,
   0.06,
   0.07,
   0.07,
   0.31,
   0.89,
   0.08,
   0.13,
   0.05,
   0.05
  ],
  [
   0.06,
   0.07,
   0.06,
   0.06,
   0.07,
   0.07,
   0.15,
   0.08,
   0.89,
   0.24,
   0.05,
   0.05
  ],
  [
   0.06,
   0.06,
   0.06,
   0.07,
   0.07,
   0.07,
   0.08,
   0.13,
   0.24,
   0.89,
   0.05,
   0.05
  ],
  [
   0.05,
   0.05,
   0.05,
   0.05,
   0.05,
   0.05,
   0.05,
   0.05,
   0.05,
   0.05,
   0.12,
   0.17
  ],
  [
   0.05,
   0.05,
   0.05,
   0.05,
   0.05,
   0.05,
   0.05,
   0.05,
   0.05,
   0.05,
   0.17,
   0.13
  ]
 ],
 "chain_pair_pae_min": [
  [
   0.76,
   7.66,
   8.79,
   27.78,
   29.31,
   29.61,
   30.14,
   29.96,
   30.77,
   30.63,
   30.25,
   30.2
  ],
  [
   7.23,
   0.76,
   8.13,
   28.98,
   29.33,
   30.02,
   30.06,
   29.63,
   30.69,
   30.62,
   30.14,
   30.1
  ],
  [
   8.58,
   8.25,
   0.76,
   27.34,
   28.55,
   29.61,
   30.2,
   29.76,
   30.85,
   30.68,
   30.15,
   30.07
  ],
  [
   28.46,
   29.34,
   27.5,
   0.76,
   9.63,
   11.32,
   30.72,
   30.5,
   30.36,
   30.36,
   30.34,
   30.46
  ],
  [
   29.32,
   29.47,
   28.09,
   9.76,
   0.76,
   9.61,
   30.68,
   30.22,
   30.69,
   30.24,
   30.37,
   30.44
  ],
  [
   29.25,
   29.19,
   29.26,
   10.43,
   10.02,
   0.76,
   30.56,
   30.15,
   30.23,
   29.67,
   30.35,
   30.42
  ],
  [
   30.07,
   29.99,
   29.77,
   30.63,
   30.31,
   30.56,
   0.76,
   12.65,
   20.61,
   25.67,
   30.44,
   30.48
  ],
  [
   30.05,
   30.27,
   29.95,
   30.33,
   29.95,
   30.06,
   12.86,
   0.76,
   26.24,
   20.68,
   30.31,
   30.36
  ],
  [
   30.09,
   30.41,
   30.6,
   30.37,
   29.8,
   29.9,
   19.67,
   25.69,
   0.76,
   17.41,
   30.49,
   30.53
  ],
  [
   30.41,
   30.72,
   30.67,
   30.25,
   29.96,
   29.77,
   25.4,
   23.03,
   17.06,
   0.76,
   30.53,
   30.57
  ],
  [
   31.06,
   30.98,
   30.92,
   31.07,
   31.09,
   31.02,
   31.08,
   31.1,
   31.16,
   31.24,
   0.83,
   2.82
  ],
  [
   31.05,
   30.98,
   30.93,
   31.07,
   31.08,
   31.03,
   31.08,
   31.12,
   31.18,
   31.25,
   2.86,
   0.83
  ]
 ],
 "chain_ptm": [
  0.89,
  0.89,
  0.89,
  0.9,
  0.89,
  0.89,
  0.9,
  0.89,
  0.89,
  0.89,
  0.12,
  0.13
 ],
 "fraction_disordered": 0.0,
 "has_clash": 0.0,
 "iptm": 0.29,
 "num_recycles": 10.0,
 "ptm": 0.35,
 "ranking_score": 0.3
}