{
 "chain_iptm": [
  0.15,
  0.14,
  0.14,
  0.13,
  0.14,
  0.13,
  0.09,
  0.1,
  0.09,
  0.09,
  0.06,
  0.06
 ],
 "chain_pair_iptm": [
  [
   0.89,
   0.52,
   0.48,
   0.08,
   0.07,
   0.07,
   0.07,
   0.07,
   0.07,
   0.06,
   0.06,
   0.06
  ],
  [
   0.52,
   0.89,
   0.5,
   0.07,
   0.07,
   0.07,
   0.07,
   0.07,
   0.07,
   0.07,
   0.05,
   0.05
  ],
  [
   0.48,
   0.5,
   0.89,
   0.07,
   0.07,
   0.07,
   0.06,
   0.07,
   0.07,
   0.06,
   0.05,
   0.05
  ],
  [
   0.08,
   0.07,
   0.07,
   0.9,
   0.46,
   0.41,
   0.07,
   0.07,
   0.06,
   0.06,
   0.05,
   0.05
  ],
  [
   0.07,
   0.07,
   0.07,
   0.46,
   0.89,
   0.45,
   0.07,
   0.06,
   0.06,
   0.06,
   0.05,
   0.05
  ],
  [
   0.07,
   0.07,
   0.07,
   0.41,
   0.45,
   0.89,
   0.07,
   0.07,
   0.07,
   0.07,
   0.05,
   0.05
  ],
  [
   0.07,
   0.07,
   0.06,
   0.07,
   0.07,
   0.07,
   0.89,
   0.33,
   0.08,
   0.13,
   0.05,
   0.05
  ],
  [
   0.07,
   0.07,
   0.07,
   0.07,
   0.06,
   0.07,
   0.33,
   0.89,
   0.15,
   0.07,
   0.06,
   0.06
  ],
  [
   0.07,
   0.07,
   0.07,
   0.06,
   0.06,
   0.07,
   0.08,
   0.15,
   0.89,
   0.31,
   0.05,
   0.05
  ],
  [
   0.06,
   0.07,
   0.06,
   0.06,
   0.06,
   0.07,
   0.13,
   0.07,
   0.31,
   0.89,
   0.05,
   0.05
  ],
  [
   0.06,
   0.05,
   0.05,
   0.05,
   0.05,
   0.05,
   0.05,
   0.06,
   0.05,
   0.05,
   0.12,
   0.16
  ],
  [
   0.06,
   0.05,
   0.05,
   0.05,
   0.05,
   0.05,
   0.05,
   0.06,
   0.05,
   0.05,
   0.16,
   0.12
  ]
 ],
 "chain_pair_pae_min": [
  [
   0.76,
   8.51,
   9.9,
   27.73,
   29.25,
   29.55,
   29.68,
   30.01,
   30.41,
   30.62,
   26.8,
   27.26
  ],
  [
   8.27,
   0.76,
   8.55,
   28.95,
   29.31,
   29.95,
   30.36,
   30.12,
   30.19,
   30.56,
   28.99,
   28.58
  ],
  [
   9.59,
   8.91,
   0.76,
   28.03,
   28.39,
   29.63,
   30.31,
   30.38,
   30.27,
   30.67,
   29.53,
   29.07
  ],
  [
   28.56,
   29.56,
   28.49,
   0.76,
   10.09,
   12.1,
   29.43,
   29.73,
   30.82,
   30.7,
   29.61,
   29.66
  ],
  [
   28.96,
   29.58,
   27.91,
   10.31,
   0.76,
   10.02,
   29.43,
   30.33,
   30.73,
   30.57,
   30.48,
   30.55
  ],
  [
   28.84,
   29.22,
   29.2,
   11.34,
   10.65,
   0.76,
   28.16,
   29.93,
   30.53,
   30.3,
   30.23,
   30.26
  ],
  [
   29.6,
   29.87,
   29.04,
   29.28,
   29.74,
   27.9,
   0.76,
   14.42,
   25.47,
   23.89,
   29.35,
   29.31
  ],
  [
   29.77,
   30.07,
   29.71,
   29.84,
   30.15,
   29.59,
   13.83,
   0.76,
   19.19,
   27.45,
   28.54,
   28.49
  ],
  [
   29.81,
   29.99,
   29.56,
   29.96,
   30.05,
   30.2,
   27.24,
   20.52,
   0.76,
   15.43,
   30.6,
   30.62
  ],
  [
   29.84,
   30.24,
   29.91,
   30.32,
   29.9,
   29.84,
   21.35,
   26.4,
   15.34,
   0.76,
   30.71,
   30.7
  ],
  [
   28.48,
   30.09,
   30.6,
   29.87,
   30.97,
   30.77,
   30.27,
   29.0,
   31.16,
   31.22,
   0.84,
   3.15
  ],
  [
   28.17,
   29.9,
   30.35,
   29.96,
   30.97,
   30.74,
   30.18,
   28.74,
   31.2,
   31.22,
   3.35,
   0.83
  ]
 ],
 "chain_ptm": [
  0.89,
  0.89,
  0.89,
  0.9,
  0.89,
  0.89,
  0.89,
  0.89,
  0.89,
  0.89,
  0.12,
  0.12
 ],
 "fraction_disordered": 0.0,
 "has_clash": 0.0,
 "iptm": 0.29,
 "num_recycles": 10.0,
 "ptm": 0.35,
 "ranking_score": 0.3
}