{
 "chain_iptm": [
  0.15,
  0.15,
  0.15,
  0.14,
  0.14,
  0.14,
  0.09,
  0.09,
  0.09,
  0.09,
  0.06,
  0.06
 ],
 "chain_pair_iptm": [
  [
   0.89,
   0.55,
   0.52,
   0.07,
   0.07,
   0.07,
   0.07,
   0.06,
   0.07,
   0.07,
   0.05,
   0.05
  ],
  [
   0.55,
   0.89,
   0.55,
   0.07,
   0.07,
   0.07,
   0.06,
   0.06,
   0.07,
   0.07,
   0.05,
   0.05
  ],
  [
   0.52,
   0.55,
   0.89,
   0.06,
   0.06,
   0.07,
   0.06,
   0.06,
   0.07,
   0.07,
   0.05,
   0.05
  ],
  [
   0.07,
   0.07,
   0.06,
   0.9,
   0.48,
   0.45,
   0.07,
   0.07,
   0.06,
   0.06,
   0.05,
   0.05
  ],
  [
   0.07,
   0.07,
   0.06,
   0.48,
   0.89,
   0.48,
   0.07,
   0.07,
   0.06,
   0.06,
   0.05,
   0.05
  ],
  [
   0.07,
   0.07,
   0.07,
   0.45,
   0.48,
   0.9,
   0.06,
   0.07,
   0.06,
   0.06,
   0.05,
   0.05
  ],
  [
   0.07,
   0.06,
   0.06,
   0.07,
   0.07,
   0.06,
   0.89,
   0.35,
   0.12,
   0.07,
   0.05,
   0.05
  ],
  [
   0.06,
   0.06,
   0.06,
   0.07,
   0.07,
   0.07,
   0.35,
   0.89,
   0.08,
   0.11,
   0.05,
   0.05
  ],
  [
   0.07,
   0.07,
   0.07,
   0.06,
   0.06,
   0.06,
   0.12,
   0.08,
   0.9,
   0.29,
   0.05,
   0.05
  ],
  [
   0.07,
   0.07,
   0.07,
   0.06,
   0.06,
   0.06,
   0.07,
   0.11,
   0.29,
   0.89,
   0.05,
   0.05
  ],
  [
   0.05,
   0.05,
   0.05,
   0.05,
   0.05,
   0.05,
   0.05,
   0.05,
   0.05,
   0.05,
   0.13,
   0.18
  ],
  [
   0.05,
   0.05,
   0.05,
   0.05,
   0.05,
   0.05,
   0.05,
   0.05,
   0.05,
   0.05,
   0.18,
   0.14
  ]
 ],
 "chain_pair_pae_min": [
  [
   0.76,
   7.65,
   8.39,
   29.9,
   29.65,
   29.63,
   30.64,
   30.88,
   29.81,
   30.04,
   30.46,
   30.46
  ],
  [
   7.35,
   0.76,
   7.93,
   29.6,
   29.26,
   29.07,
   30.82,
   30.91,
   30.32,
   30.31,
   30.49,
   30.47
  ],
  [
   8.03,
   7.5,
   0.76,
   30.5,
   30.04,
   29.93,
   30.88,
   30.94,
   30.06,
   30.02,
   30.43,
   30.43
  ],
  [
   29.71,
   29.6,
   30.52,
   0.76,
   9.17,
   10.96,
   30.2,
   30.16,
   30.94,
   30.82,
   30.49,
   30.48
  ],
  [
   29.8,
   29.4,
   30.47,
   9.5,
   0.76,
   9.62,
   30.06,
   29.76,
   30.83,
   30.78,
   30.52,
   30.49
  ],
  [
   29.51,
   29.18,
   30.25,
   10.57,
   9.48,
   0.76,
   30.66,
   30.31,
   30.82,
   30.84,
   30.65,
   30.62
  ],
  [
   29.94,
   30.65,
   30.28,
   30.06,
   30.1,
   30.59,
   0.76,
   13.06,
   22.19,
   27.77,
   30.57,
   30.57
  ],
  [
   30.45,
   30.63,
   30.62,
   29.9,
   29.71,
   30.41,
   13.71,
   0.76,
   27.16,
   23.48,
   30.55,
   30.57
  ],
  [
   29.73,
   30.13,
   29.83,
   30.89,
   30.78,
   30.77,
   21.89,
   27.57,
   0.76,
   16.11,
   30.61,
   30.54
  ],
  [
   30.03,
   30.02,
   29.2,
   30.84,
   30.55,
   30.95,
   27.28,
   25.04,
   16.39,
   0.76,
   30.49,
   30.58
  ],
  [
   31.0,
   31.09,
   31.07,
   31.1,
   31.18,
   31.17,
   31.1,
   31.2,
   31.26,
   31.27,
   0.83,
   2.74
  ],
  [
   31.02,
   31.1,
   31.09,
   31.1,
   31.15,
   31.15,
   31.09,
   31.18,
   31.25,
   31.28,
   2.74,
   0.83
  ]
 ],
 "chain_ptm": [
  0.89,
  0.89,
  0.89,
  0.9,
  0.89,
  0.9,
  0.89,
  0.89,
  0.9,
  0.89,
  0.13,
  0.14
 ],
 "fraction_disordered": 0.0,
 "has_clash": 0.0,
 "iptm": 0.29,
 "num_recycles": 10.0,
 "ptm": 0.35,
 "ranking_score": 0.3
}