{
 "chain_iptm": [
  0.1,
  0.1,
  0.1,
  0.1,
  0.13,
  0.13,
  0.13,
  0.12,
  0.12,
  0.12,
  0.06,
  0.06
 ],
 "chain_pair_iptm": [
  [
   0.89,
   0.08,
   0.19,
   0.29,
   0.07,
   0.07,
   0.07,
   0.07,
   0.07,
   0.07,
   0.06,
   0.06
  ],
  [
   0.08,
   0.88,
   0.33,
   0.18,
   0.07,
   0.07,
   0.07,
   0.07,
   0.07,
   0.07,
   0.06,
   0.06
  ],
  [
   0.19,
   0.33,
   0.89,
   0.08,
   0.07,
   0.07,
   0.07,
   0.07,
   0.07,
   0.07,
   0.06,
   0.06
  ],
  [
   0.29,
   0.18,
   0.08,
   0.89,
   0.06,
   0.06,
   0.06,
   0.07,
   0.07,
   0.07,
   0.06,
   0.06
  ],
  [
   0.07,
   0.07,
   0.07,
   0.06,
   0.89,
   0.42,
   0.4,
   0.07,
   0.06,
   0.07,
   0.06,
   0.06
  ],
  [
   0.07,
   0.07,
   0.07,
   0.06,
   0.42,
   0.89,
   0.43,
   0.07,
   0.07,
   0.07,
   0.06,
   0.06
  ],
  [
   0.07,
   0.07,
   0.07,
   0.06,
   0.4,
   0.43,
   0.89,
   0.08,
   0.07,
   0.07,
   0.05,
   0.05
  ],
  [
   0.07,
   0.07,
   0.07,
   0.07,
   0.07,
   0.07,
   0.08,
   0.9,
   0.4,
   0.36,
   0.05,
   0.05
  ],
  [
   0.07,
   0.07,
   0.07,
   0.07,
   0.06,
   0.07,
   0.07,
   0.4,
   0.89,
   0.4,
   0.05,
   0.05
  ],
  [
   0.07,
   0.07,
   0.07,
   0.07,
   0.07,
   0.07,
   0.07,
   0.36,
   0.4,
   0.89,
   0.05,
   0.05
  ],
  [
   0.06,
   0.06,
   0.06,
   0.06,
   0.06,
   0.06,
   0.05,
   0.05,
   0.05,
   0.05,
   0.12,
   0.16
  ],
  [
   0.06,
   0.06,
   0.06,
   0.06,
   0.06,
   0.06,
   0.05,
   0.05,
   0.05,
   0.05,
   0.16,
   0.12
  ]
 ],
 "chain_pair_pae_min": [
  [
   0.76,
   25.27,
   17.66,
   15.25,
   29.98,
   30.29,
   30.61,
   30.53,
   30.51,
   30.63,
   28.9,
   28.82
  ],
  [
   24.85,
   0.76,
   12.58,
   19.07,
   29.95,
   30.01,
   30.36,
   30.49,
   30.47,
   30.62,
   27.23,
   27.47
  ],
  [
   16.66,
   13.71,
   0.76,
   24.75,
   29.69,
   29.71,
   30.4,
   30.61,
   30.61,
   30.62,
   27.2,
   27.66
  ],
  [
   15.99,
   18.4,
   25.61,
   0.76,
   30.57,
   30.7,
   30.75,
   30.39,
   30.36,
   30.7,
   29.21,
   29.33
  ],
  [
   28.86,
   29.11,
   28.12,
   30.29,
   0.76,
   12.14,
   12.46,
   30.02,
   30.42,
   30.35,
   27.7,
   27.67
  ],
  [
   29.04,
   28.36,
   27.96,
   30.02,
   10.59,
   0.76,
   11.21,
   29.78,
   30.05,
   29.25,
   26.68,
   26.81
  ],
  [
   29.14,
   28.45,
   28.38,
   29.29,
   12.69,
   10.84,
   0.76,
   28.9,
   30.08,
   29.65,
   28.75,
   28.72
  ],
  [
   29.44,
   28.57,
   27.84,
   29.27,
   29.9,
   29.6,
   27.69,
   0.76,
   11.54,
   14.07,
   29.91,
   29.92
  ],
  [
   29.18,
   28.64,
   27.84,
   29.8,
   30.3,
   30.3,
   30.04,
   12.0,
   0.76,
   11.85,
   29.58,
   29.55
  ],
  [
   29.45,
   28.55,
   27.95,
   29.59,
   30.15,
   29.49,
   29.4,
   13.23,
   12.42,
   0.76,
   29.4,
   29.3
  ],
  [
   30.1,
   28.68,
   27.88,
   30.1,
   28.95,
   28.5,
   29.95,
   30.63,
   30.45,
   30.5,
   0.84,
   2.86
  ],
  [
   30.13,
   28.58,
   28.46,
   30.03,
   28.92,
   28.28,
   30.03,
   30.56,
   30.44,
   30.42,
   2.81,
   0.84
  ]
 ],
 "chain_ptm": [
  0.89,
  0.88,
  0.89,
  0.89,
  0.89,
  0.89,
  0.89,
  0.9,
  0.89,
  0.89,
  0.12,
  0.12
 ],
 "fraction_disordered": 0.0,
 "has_clash": 0.0,
 "iptm": 0.27,
 "num_recycles": 10.0,
 "ptm": 0.33,
 "ranking_score": 0.28
}