{
 "chain_iptm": [
  0.09,
  0.1,
  0.1,
  0.09,
  0.13,
  0.13,
  0.13,
  0.12,
  0.12,
  0.12,
  0.07,
  0.07
 ],
 "chain_pair_iptm": [
  [
   0.89,
   0.08,
   0.23,
   0.23,
   0.07,
   0.06,
   0.06,
   0.07,
   0.07,
   0.07,
   0.05,
   0.05
  ],
  [
   0.08,
   0.89,
   0.28,
   0.22,
   0.07,
   0.07,
   0.07,
   0.06,
   0.06,
   0.06,
   0.05,
   0.05
  ],
  [
   0.23,
   0.28,
   0.89,
   0.08,
   0.07,
   0.07,
   0.07,
   0.06,
   0.07,
   0.06,
   0.05,
   0.05
  ],
  [
   0.23,
   0.22,
   0.08,
   0.89,
   0.07,
   0.06,
   0.06,
   0.07,
   0.07,
   0.07,
   0.06,
   0.06
  ],
  [
   0.07,
   0.07,
   0.07,
   0.07,
   0.9,
   0.43,
   0.42,
   0.06,
   0.06,
   0.06,
   0.05,
   0.05
  ],
  [
   0.06,
   0.07,
   0.07,
   0.06,
   0.43,
   0.89,
   0.44,
   0.07,
   0.07,
   0.06,
   0.06,
   0.06
  ],
  [
   0.06,
   0.07,
   0.07,
   0.06,
   0.42,
   0.44,
   0.9,
   0.07,
   0.07,
   0.06,
   0.07,
   0.07
  ],
  [
   0.07,
   0.06,
   0.06,
   0.07,
   0.06,
   0.07,
   0.07,
   0.9,
   0.39,
   0.35,
   0.05,
   0.05
  ],
  [
   0.07,
   0.06,
   0.07,
   0.07,
   0.06,
   0.07,
   0.07,
   0.39,
   0.9,
   0.39,
   0.05,
   0.05
  ],
  [
   0.07,
   0.06,
   0.06,
   0.07,
   0.06,
   0.06,
   0.06,
   0.35,
   0.39,
   0.9,
   0.06,
   0.06
  ],
  [
   0.05,
   0.05,
   0.05,
   0.06,
   0.05,
   0.06,
   0.07,
   0.05,
   0.05,
   0.06,
   0.11,
   0.15
  ],
  [
   0.05,
   0.05,
   0.05,
   0.06,
   0.05,
   0.06,
   0.07,
   0.05,
   0.05,
   0.06,
   0.15,
   0.11
  ]
 ],
 "chain_pair_pae_min": [
  [
   0.76,
   25.78,
   16.26,
   16.87,
   30.27,
   30.68,
   30.66,
   30.64,
   30.53,
   30.48,
   29.09,
   29.08
  ],
  [
   25.03,
   0.76,
   12.92,
   18.11,
   29.48,
   29.94,
   30.16,
   30.76,
   30.63,
   30.59,
   29.37,
   29.48
  ],
  [
   15.52,
   13.76,
   0.76,
   25.23,
   29.43,
   30.23,
   30.27,
   30.69,
   30.78,
   30.69,
   29.39,
   29.39
  ],
  [
   16.29,
   16.68,
   24.67,
   0.76,
   30.42,
   30.56,
   30.66,
   30.71,
   30.69,
   30.51,
   27.69,
   28.13
  ],
  [
   29.44,
   28.31,
   27.64,
   30.17,
   0.76,
   11.7,
   12.22,
   30.61,
   30.81,
   30.8,
   29.35,
   29.34
  ],
  [
   29.74,
   27.78,
   28.61,
   29.86,
   10.67,
   0.76,
   11.41,
   30.06,
   30.52,
   30.65,
   29.07,
   28.56
  ],
  [
   29.52,
   29.07,
   27.26,
   30.08,
   12.3,
   10.97,
   0.76,
   30.22,
   30.33,
   30.78,
   27.56,
   27.77
  ],
  [
   29.34,
   28.43,
   28.89,
   28.58,
   30.61,
   30.04,
   30.19,
   0.76,
   12.12,
   15.0,
   28.49,
   28.63
  ],
  [
   28.89,
   28.5,
   28.77,
   28.89,
   30.63,
   30.57,
   30.21,
   12.37,
   0.76,
   12.51,
   29.27,
   29.82
  ],
  [
   29.19,
   28.24,
   28.78,
   29.03,
   30.72,
   30.71,
   30.71,
   14.11,
   12.72,
   0.76,
   27.24,
   27.87
  ],
  [
   29.75,
   30.16,
   30.07,
   28.08,
   29.33,
   28.51,
   27.5,
   29.52,
   29.95,
   28.57,
   0.83,
   2.72
  ],
  [
   29.77,
   30.13,
   30.09,
   28.58,
   29.2,
   28.41,
   27.09,
   29.69,
   30.14,
   28.3,
   2.85,
   0.83
  ]
 ],
 "chain_ptm": [
  0.89,
  0.89,
  0.89,
  0.89,
  0.9,
  0.89,
  0.9,
  0.9,
  0.9,
  0.9,
  0.11,
  0.11
 ],
 "fraction_disordered": 0.0,
 "has_clash": 0.0,
 "iptm": 0.27,
 "num_recycles": 10.0,
 "ptm": 0.33,
 "ranking_score": 0.28
}