{
 "chain_iptm": [
  0.1,
  0.1,
  0.1,
  0.1,
  0.13,
  0.13,
  0.13,
  0.12,
  0.13,
  0.12,
  0.06,
  0.06
 ],
 "chain_pair_iptm": [
  [
   0.89,
   0.08,
   0.22,
   0.27,
   0.07,
   0.07,
   0.06,
   0.07,
   0.07,
   0.07,
   0.05,
   0.05
  ],
  [
   0.08,
   0.89,
   0.3,
   0.2,
   0.07,
   0.07,
   0.07,
   0.07,
   0.07,
   0.07,
   0.05,
   0.05
  ],
  [
   0.22,
   0.3,
   0.89,
   0.08,
   0.07,
   0.06,
   0.06,
   0.07,
   0.07,
   0.07,
   0.05,
   0.05
  ],
  [
   0.27,
   0.2,
   0.08,
   0.89,
   0.07,
   0.07,
   0.07,
   0.07,
   0.06,
   0.06,
   0.05,
   0.05
  ],
  [
   0.07,
   0.07,
   0.07,
   0.07,
   0.9,
   0.44,
   0.42,
   0.07,
   0.07,
   0.06,
   0.05,
   0.05
  ],
  [
   0.07,
   0.07,
   0.06,
   0.07,
   0.44,
   0.89,
   0.45,
   0.07,
   0.07,
   0.07,
   0.05,
   0.05
  ],
  [
   0.06,
   0.07,
   0.06,
   0.07,
   0.42,
   0.45,
   0.9,
   0.07,
   0.07,
   0.06,
   0.05,
   0.05
  ],
  [
   0.07,
   0.07,
   0.07,
   0.07,
   0.07,
   0.07,
   0.07,
   0.9,
   0.42,
   0.38,
   0.05,
   0.05
  ],
  [
   0.07,
   0.07,
   0.07,
   0.06,
   0.07,
   0.07,
   0.07,
   0.42,
   0.9,
   0.42,
   0.05,
   0.05
  ],
  [
   0.07,
   0.07,
   0.07,
   0.06,
   0.06,
   0.07,
   0.06,
   0.38,
   0.42,
   0.9,
   0.05,
   0.05
  ],
  [
   0.05,
   0.05,
   0.05,
   0.05,
   0.05,
   0.05,
   0.05,
   0.05,
   0.05,
   0.05,
   0.12,
   0.15
  ],
  [
   0.05,
   0.05,
   0.05,
   0.05,
   0.05,
   0.05,
   0.05,
   0.05,
   0.05,
   0.05,
   0.15,
   0.12
  ]
 ],
 "chain_pair_pae_min": [
  [
   0.76,
   25.42,
   17.46,
   15.64,
   29.94,
   30.42,
   30.58,
   30.68,
   30.72,
   30.53,
   29.5,
   29.47
  ],
  [
   25.27,
   0.76,
   12.23,
   19.25,
   29.68,
   30.18,
   30.43,
   30.62,
   30.61,
   30.5,
   29.95,
   30.04
  ],
  [
   16.23,
   12.33,
   0.76,
   25.34,
   30.27,
   30.63,
   30.64,
   30.64,
   30.39,
   30.34,
   29.97,
   30.04
  ],
  [
   16.13,
   18.65,
   25.73,
   0.76,
   28.89,
   29.09,
   30.09,
   30.74,
   30.61,
   30.47,
   29.36,
   29.33
  ],
  [
   29.95,
   27.62,
   29.72,
   28.79,
   0.76,
   11.47,
   11.95,
   30.38,
   30.51,
   30.77,
   29.9,
   29.93
  ],
  [
   28.93,
   28.02,
   29.03,
   28.53,
   10.54,
   0.76,
   10.72,
   29.29,
   30.19,
   30.39,
   29.68,
   29.65
  ],
  [
   29.88,
   28.6,
   28.43,
   29.14,
   12.13,
   10.32,
   0.76,
   29.52,
   29.46,
   30.4,
   30.04,
   30.17
  ],
  [
   29.42,
   27.93,
   27.67,
   28.59,
   30.18,
   29.28,
   29.51,
   0.76,
   11.32,
   13.4,
   30.35,
   30.46
  ],
  [
   29.19,
   27.7,
   28.61,
   28.93,
   30.18,
   30.0,
   29.0,
   10.56,
   0.76,
   11.63,
   30.48,
   30.52
  ],
  [
   29.17,
   28.06,
   28.13,
   29.2,
   30.64,
   30.41,
   30.25,
   12.95,
   11.72,
   0.76,
   30.42,
   30.43
  ],
  [
   30.3,
   30.48,
   30.59,
   30.12,
   30.69,
   30.57,
   30.92,
   30.95,
   31.11,
   31.02,
   0.83,
   2.79
  ],
  [
   30.39,
   30.46,
   30.55,
   30.39,
   30.75,
   30.7,
   30.95,
   30.95,
   31.12,
   31.04,
   2.76,
   0.83
  ]
 ],
 "chain_ptm": [
  0.89,
  0.89,
  0.89,
  0.89,
  0.9,
  0.89,
  0.9,
  0.9,
  0.9,
  0.9,
  0.12,
  0.12
 ],
 "fraction_disordered": 0.0,
 "has_clash": 0.0,
 "iptm": 0.27,
 "num_recycles": 10.0,
 "ptm": 0.33,
 "ranking_score": 0.28
}