{
 "chain_iptm": [
  0.12,
  0.12,
  0.12,
  0.08,
  0.1,
  0.09,
  0.08,
  0.12,
  0.13,
  0.12,
  0.06,
  0.06
 ],
 "chain_pair_iptm": [
  [
   0.89,
   0.4,
   0.35,
   0.09,
   0.06,
   0.07,
   0.07,
   0.06,
   0.07,
   0.07,
   0.06,
   0.06
  ],
  [
   0.4,
   0.89,
   0.36,
   0.08,
   0.06,
   0.07,
   0.06,
   0.07,
   0.07,
   0.07,
   0.06,
   0.06
  ],
  [
   0.35,
   0.36,
   0.89,
   0.08,
   0.07,
   0.07,
   0.07,
   0.06,
   0.07,
   0.07,
   0.05,
   0.05
  ],
  [
   0.09,
   0.08,
   0.08,
   0.89,
   0.07,
   0.11,
   0.11,
   0.06,
   0.06,
   0.06,
   0.05,
   0.05
  ],
  [
   0.06,
   0.06,
   0.07,
   0.07,
   0.89,
   0.27,
   0.23,
   0.07,
   0.07,
   0.07,
   0.06,
   0.06
  ],
  [
   0.07,
   0.07,
   0.07,
   0.11,
   0.27,
   0.89,
   0.08,
   0.06,
   0.07,
   0.06,
   0.05,
   0.05
  ],
  [
   0.07,
   0.06,
   0.07,
   0.11,
   0.23,
   0.08,
   0.9,
   0.06,
   0.06,
   0.06,
   0.05,
   0.05
  ],
  [
   0.06,
   0.07,
   0.06,
   0.06,
   0.07,
   0.06,
   0.06,
   0.9,
   0.42,
   0.38,
   0.05,
   0.05
  ],
  [
   0.07,
   0.07,
   0.07,
   0.06,
   0.07,
   0.07,
   0.06,
   0.42,
   0.9,
   0.4,
   0.05,
   0.05
  ],
  [
   0.07,
   0.07,
   0.07,
   0.06,
   0.07,
   0.06,
   0.06,
   0.38,
   0.4,
   0.9,
   0.05,
   0.05
  ],
  [
   0.06,
   0.06,
   0.05,
   0.05,
   0.06,
   0.05,
   0.05,
   0.05,
   0.05,
   0.05,
   0.12,
   0.16
  ],
  [
   0.06,
   0.06,
   0.05,
   0.05,
   0.06,
   0.05,
   0.05,
   0.05,
   0.05,
   0.05,
   0.16,
   0.12
  ]
 ],
 "chain_pair_pae_min": [
  [
   0.76,
   12.77,
   13.15,
   23.86,
   30.11,
   29.38,
   29.9,
   30.55,
   30.37,
   30.43,
   27.77,
   27.77
  ],
  [
   12.1,
   0.76,
   12.92,
   26.22,
   30.41,
   29.35,
   30.33,
   30.41,
   30.24,
   30.22,
   27.18,
   27.19
  ],
  [
   13.26,
   13.29,
   0.76,
   25.14,
   30.44,
   29.22,
   30.23,
   30.4,
   30.32,
   30.42,
   27.81,
   28.09
  ],
  [
   26.43,
   28.47,
   25.83,
   0.76,
   28.48,
   25.7,
   26.58,
   30.88,
   30.89,
   30.83,
   29.01,
   29.49
  ],
  [
   30.4,
   30.37,
   30.2,
   28.01,
   0.76,
   14.35,
   17.16,
   30.52,
   30.51,
   30.78,
   28.76,
   28.62
  ],
  [
   29.22,
   29.4,
   28.81,
   25.5,
   14.49,
   0.76,
   25.83,
   30.58,
   30.5,
   30.75,
   27.93,
   28.22
  ],
  [
   29.94,
   30.41,
   29.92,
   26.52,
   16.76,
   25.28,
   0.76,
   30.66,
   30.79,
   30.79,
   29.24,
   29.27
  ],
  [
   30.16,
   30.38,
   29.96,
   30.67,
   29.47,
   30.47,
   30.79,
   0.76,
   11.87,
   13.44,
   29.12,
   29.29
  ],
  [
   30.13,
   30.12,
   29.7,
   30.56,
   29.24,
   29.61,
   30.31,
   11.46,
   0.76,
   11.98,
   27.71,
   28.01
  ],
  [
   29.97,
   30.17,
   30.16,
   30.57,
   29.73,
   29.65,
   30.63,
   13.39,
   12.68,
   0.76,
   28.12,
   28.43
  ],
  [
   29.28,
   29.16,
   29.23,
   29.78,
   30.09,
   29.2,
   30.4,
   30.25,
   29.44,
   30.1,
   0.83,
   2.74
  ],
  [
   29.36,
   29.19,
   29.42,
   29.92,
   30.07,
   29.3,
   30.4,
   30.27,
   29.43,
   29.83,
   2.77,
   0.83
  ]
 ],
 "chain_ptm": [
  0.89,
  0.89,
  0.89,
  0.89,
  0.89,
  0.89,
  0.9,
  0.9,
  0.9,
  0.9,
  0.12,
  0.12
 ],
 "fraction_disordered": 0.0,
 "has_clash": 0.0,
 "iptm": 0.26,
 "num_recycles": 10.0,
 "ptm": 0.33,
 "ranking_score": 0.28
}