{
 "chain_iptm": [
  0.1,
  0.1,
  0.1,
  0.1,
  0.13,
  0.13,
  0.13,
  0.12,
  0.12,
  0.12,
  0.06,
  0.06
 ],
 "chain_pair_iptm": [
  [
   0.89,
   0.08,
   0.38,
   0.15,
   0.07,
   0.07,
   0.07,
   0.06,
   0.06,
   0.06,
   0.05,
   0.05
  ],
  [
   0.08,
   0.89,
   0.16,
   0.35,
   0.07,
   0.06,
   0.06,
   0.06,
   0.07,
   0.07,
   0.05,
   0.05
  ],
  [
   0.38,
   0.16,
   0.89,
   0.08,
   0.07,
   0.07,
   0.06,
   0.07,
   0.06,
   0.07,
   0.06,
   0.06
  ],
  [
   0.15,
   0.35,
   0.08,
   0.89,
   0.07,
   0.06,
   0.07,
   0.06,
   0.07,
   0.07,
   0.06,
   0.06
  ],
  [
   0.07,
   0.07,
   0.07,
   0.07,
   0.9,
   0.42,
   0.41,
   0.07,
   0.07,
   0.06,
   0.05,
   0.05
  ],
  [
   0.07,
   0.06,
   0.07,
   0.06,
   0.42,
   0.89,
   0.44,
   0.07,
   0.07,
   0.07,
   0.05,
   0.05
  ],
  [
   0.07,
   0.06,
   0.06,
   0.07,
   0.41,
   0.44,
   0.9,
   0.07,
   0.07,
   0.07,
   0.05,
   0.05
  ],
  [
   0.06,
   0.06,
   0.07,
   0.06,
   0.07,
   0.07,
   0.07,
   0.9,
   0.4,
   0.35,
   0.05,
   0.05
  ],
  [
   0.06,
   0.07,
   0.06,
   0.07,
   0.07,
   0.07,
   0.07,
   0.4,
   0.9,
   0.4,
   0.05,
   0.05
  ],
  [
   0.06,
   0.07,
   0.07,
   0.07,
   0.06,
   0.07,
   0.07,
   0.35,
   0.4,
   0.9,
   0.05,
   0.05
  ],
  [
   0.05,
   0.05,
   0.06,
   0.06,
   0.05,
   0.05,
   0.05,
   0.05,
   0.05,
   0.05,
   0.11,
   0.15
  ],
  [
   0.05,
   0.05,
   0.06,
   0.06,
   0.05,
   0.05,
   0.05,
   0.05,
   0.05,
   0.05,
   0.15,
   0.11
  ]
 ],
 "chain_pair_pae_min": [
  [
   0.76,
   26.51,
   14.63,
   20.77,
   29.57,
   29.86,
   30.29,
   30.76,
   30.7,
   30.71,
   29.44,
   29.24
  ],
  [
   26.68,
   0.76,
   19.62,
   15.54,
   30.19,
   30.47,
   30.7,
   30.55,
   30.35,
   30.32,
   28.65,
   28.86
  ],
  [
   13.84,
   19.66,
   0.76,
   25.86,
   29.82,
   30.06,
   30.59,
   30.66,
   30.69,
   30.46,
   27.05,
   27.42
  ],
  [
   22.0,
   15.04,
   25.82,
   0.76,
   29.6,
   30.2,
   30.54,
   30.78,
   30.6,
   30.64,
   28.34,
   27.79
  ],
  [
   29.42,
   30.28,
   29.64,
   29.69,
   0.76,
   11.8,
   12.61,
   30.24,
   30.48,
   30.7,
   29.32,
   29.65
  ],
  [
   29.96,
   30.74,
   29.97,
   30.29,
   10.84,
   0.76,
   10.92,
   29.08,
   30.24,
   30.33,
   30.03,
   30.09
  ],
  [
   30.24,
   30.56,
   30.41,
   30.26,
   12.4,
   10.96,
   0.76,
   28.81,
   29.65,
   30.31,
   29.96,
   30.04
  ],
  [
   30.54,
   30.62,
   30.29,
   30.72,
   30.03,
   29.38,
   28.89,
   0.76,
   12.05,
   14.8,
   29.22,
   29.06
  ],
  [
   30.68,
   30.37,
   30.56,
   30.49,
   30.15,
   30.07,
   28.9,
   11.8,
   0.76,
   13.23,
   30.06,
   30.21
  ],
  [
   30.54,
   30.19,
   30.12,
   30.34,
   30.44,
   30.38,
   30.18,
   14.3,
   12.34,
   0.76,
   28.55,
   28.7
  ],
  [
   29.89,
   29.66,
   28.59,
   28.64,
   29.73,
   30.47,
   30.61,
   30.16,
   30.57,
   28.96,
   0.84,
   3.45
  ],
  [
   29.65,
   29.49,
   28.59,
   27.77,
   29.79,
   30.53,
   30.59,
   30.03,
   30.69,
   29.72,
   3.56,
   0.84
  ]
 ],
 "chain_ptm": [
  0.89,
  0.89,
  0.89,
  0.89,
  0.9,
  0.89,
  0.9,
  0.9,
  0.9,
  0.9,
  0.11,
  0.11
 ],
 "fraction_disordered": 0.0,
 "has_clash": 0.0,
 "iptm": 0.27,
 "num_recycles": 10.0,
 "ptm": 0.33,
 "ranking_score": 0.28
}